style,is_ai_generated,source,path,ai_likeness_percent,originality_score,dominant_aesthetic,cv_region_count,cv_largest_region_area_ratio,cv_subject_centroid_x,cv_subject_centroid_y,cv_rule_of_thirds_offset,cv_symmetry_score,cv_symmetry_score_fuzzy_global,cv_edge_density,cv_negative_space_ratio
expressionism,False,expressionism,/data/peter/aiart/data/Real_AI_SD_LD_Dataset/train/expressionism/albert-bloch_don-quixote.jpg,5.0,95.0,original-aesthetic,17,0.2119,0.5814,0.6242,0.0953,0.6207,0.459,0.2047,0.4069
expressionism,True,AI_SD_expressionism,/data/peter/aiart/data/Real_AI_SD_LD_Dataset/train/AI_SD_expressionism/2-989009509-792292.jpg,29.7,70.3,original-aesthetic,23,0.2595,0.4285,0.5317,0.1652,0.7434,0.504,0.2242,0.2513
expressionism,True,AI_SD_expressionism,/data/peter/aiart/data/Real_AI_SD_LD_Dataset/train/AI_SD_expressionism/2-994698851-955004.jpg,16.0,84.0,original-aesthetic,25,0.4131,0.5798,0.3849,0.101,0.7528,0.4916,0.1786,0.3245
expressionism,True,AI_SD_expressionism,/data/peter/aiart/data/Real_AI_SD_LD_Dataset/train/AI_SD_expressionism/2-973344001-36994.jpg,0.6,99.4,original-aesthetic,26,0.2163,0.4072,0.5022,0.1803,0.8254,0.6534,0.1541,0.4527
expressionism,False,expressionism,/data/peter/aiart/data/Real_AI_SD_LD_Dataset/train/expressionism/akseli-gallen-kallela_sunset-1899.jpg,32.5,67.5,original-aesthetic,12,0.1396,0.2964,0.5824,0.092,0.8341,0.6865,0.1051,0.7081
expressionism,False,expressionism,/data/peter/aiart/data/Real_AI_SD_LD_Dataset/train/expressionism/albin-egger-lienz_auf-der-treppe-1890.jpg,4.7,95.3,original-aesthetic,20,0.081,0.3778,0.312,0.0494,0.8661,0.768,0.0749,0.7348
expressionism,True,AI_SD_expressionism,/data/peter/aiart/data/Real_AI_SD_LD_Dataset/train/AI_SD_expressionism/2-98881405-276905.jpg,1.6,98.4,original-aesthetic,24,0.1478,0.6019,0.423,0.1106,0.7978,0.5702,0.1541,0.5103
expressionism,False,expressionism,/data/peter/aiart/data/Real_AI_SD_LD_Dataset/train/expressionism/abraham-manievich_portrait-of-the-artist-s-wife-1929.jpg,0.4,99.6,original-aesthetic,8,0.5677,0.3126,0.4632,0.1315,0.8132,0.6104,0.2097,0.4242
expressionism,True,AI_SD_expressionism,/data/peter/aiart/data/Real_AI_SD_LD_Dataset/train/AI_SD_expressionism/2-997909615-638364.jpg,14.9,85.1,original-aesthetic,20,0.2188,0.5266,0.4512,0.1831,0.7478,0.5189,0.2103,0.4149
expressionism,True,AI_SD_expressionism,/data/peter/aiart/data/Real_AI_SD_LD_Dataset/train/AI_SD_expressionism/2-989912597-50171.jpg,10.6,89.4,original-aesthetic,18,0.3808,0.5724,0.3169,0.0957,0.7677,0.5385,0.1344,0.4552
expressionism,False,expressionism,/data/peter/aiart/data/Real_AI_SD_LD_Dataset/train/expressionism/albert-huie_family.jpg,1.7,98.3,original-aesthetic,14,0.1074,0.4854,0.4463,0.1894,0.7692,0.626,0.1913,0.4612
expressionism,False,expressionism,/data/peter/aiart/data/Real_AI_SD_LD_Dataset/train/expressionism/abraham-manievich_untitled.jpg,19.9,80.1,original-aesthetic,30,0.2307,0.4308,0.6205,0.1079,0.7968,0.6035,0.2201,0.4691
expressionism,True,AI_SD_expressionism,/data/peter/aiart/data/Real_AI_SD_LD_Dataset/train/AI_SD_expressionism/2-994957601-737074.jpg,1.7,98.3,original-aesthetic,24,0.2289,0.4609,0.3844,0.1375,0.7802,0.5371,0.1184,0.457
expressionism,False,expressionism,/data/peter/aiart/data/Real_AI_SD_LD_Dataset/train/expressionism/albert-bloch_garden-glimpse.jpg,6.4,93.6,original-aesthetic,27,0.3027,0.4463,0.3958,0.1291,0.7785,0.5013,0.2888,0.1183
expressionism,True,AI_SD_expressionism,/data/peter/aiart/data/Real_AI_SD_LD_Dataset/train/AI_SD_expressionism/2-991374414-775497.jpg,5.7,94.3,original-aesthetic,25,0.1769,0.5146,0.4887,0.2174,0.7958,0.5538,0.1461,0.3132
expressionism,True,AI_SD_expressionism,/data/peter/aiart/data/Real_AI_SD_LD_Dataset/train/AI_SD_expressionism/2-983220014-975576.jpg,5.9,94.1,original-aesthetic,21,0.095,0.4857,0.4004,0.1665,0.7676,0.5332,0.1103,0.69
expressionism,True,AI_SD_expressionism,/data/peter/aiart/data/Real_AI_SD_LD_Dataset/train/AI_SD_expressionism/2-97405842-631952.jpg,2.2,97.8,original-aesthetic,20,0.4767,0.4909,0.5029,0.2273,0.7746,0.5132,0.1419,0.2887
expressionism,True,AI_SD_expressionism,/data/peter/aiart/data/Real_AI_SD_LD_Dataset/train/AI_SD_expressionism/2-955421683-778876.jpg,13.1,86.9,original-aesthetic,23,0.4499,0.5472,0.432,0.155,0.7611,0.5045,0.1399,0.3265
expressionism,False,expressionism,/data/peter/aiart/data/Real_AI_SD_LD_Dataset/train/expressionism/albert-bloch_the-grieving-women.jpg,1.6,98.4,original-aesthetic,24,0.1064,0.5417,0.4951,0.2044,0.8078,0.5614,0.2531,0.5988
expressionism,True,AI_SD_expressionism,/data/peter/aiart/data/Real_AI_SD_LD_Dataset/train/AI_SD_expressionism/2-995981963-868260.jpg,3.5,96.5,original-aesthetic,31,0.2965,0.4741,0.4402,0.1767,0.7685,0.4917,0.182,0.1887
expressionism,False,expressionism,/data/peter/aiart/data/Real_AI_SD_LD_Dataset/train/expressionism/albert-bloch_portrait-of-a-man-1911.jpg,1.1,98.9,original-aesthetic,7,0.1873,0.4978,0.4058,0.1797,0.8256,0.6732,0.0654,0.6194
expressionism,False,expressionism,/data/peter/aiart/data/Real_AI_SD_LD_Dataset/train/expressionism/albert-bloch_winter-in-the-dead-wood-1938.jpg,10.6,89.4,original-aesthetic,29,0.1712,0.5888,0.5794,0.1169,0.8305,0.6701,0.2438,0.529
expressionism,True,AI_SD_expressionism,/data/peter/aiart/data/Real_AI_SD_LD_Dataset/train/AI_SD_expressionism/2-995981963-557339.jpg,18.4,81.6,original-aesthetic,23,0.2271,0.4212,0.6403,0.0917,0.7957,0.5526,0.1738,0.5286
expressionism,True,AI_SD_expressionism,/data/peter/aiart/data/Real_AI_SD_LD_Dataset/train/AI_SD_expressionism/2-984639674-66111.jpg,20.5,79.5,original-aesthetic,18,0.2515,0.3292,0.4443,0.1111,0.7691,0.5371,0.1541,0.5663
expressionism,False,expressionism,/data/peter/aiart/data/Real_AI_SD_LD_Dataset/train/expressionism/abraham-manievich_late-summer-afternoon-the-bronx.jpg,5.4,94.6,original-aesthetic,14,0.5859,0.5085,0.4719,0.2102,0.8716,0.7172,0.1466,0.3509
expressionism,True,AI_SD_expressionism,/data/peter/aiart/data/Real_AI_SD_LD_Dataset/train/AI_SD_expressionism/2-997909615-395601.jpg,14.3,85.7,original-aesthetic,14,0.3733,0.5705,0.5628,0.1416,0.8302,0.6397,0.1387,0.4939
expressionism,True,AI_SD_expressionism,/data/peter/aiart/data/Real_AI_SD_LD_Dataset/train/AI_SD_expressionism/2-989009509-880466.jpg,14.6,85.4,original-aesthetic,25,0.3906,0.5075,0.4854,0.2201,0.758,0.4948,0.1775,0.1761
expressionism,True,AI_SD_expressionism,/data/peter/aiart/data/Real_AI_SD_LD_Dataset/train/AI_SD_expressionism/2-992317954-13609.jpg,0.6,99.4,original-aesthetic,12,0.2891,0.4599,0.5664,0.1614,0.7905,0.5592,0.1203,0.4366
expressionism,True,AI_SD_expressionism,/data/peter/aiart/data/Real_AI_SD_LD_Dataset/train/AI_SD_expressionism/2-98881405-244710.jpg,1.0,99.0,original-aesthetic,13,0.148,0.5696,0.4438,0.1471,0.8113,0.6413,0.0982,0.5949
expressionism,True,AI_SD_expressionism,/data/peter/aiart/data/Real_AI_SD_LD_Dataset/train/AI_SD_expressionism/2-974913017-680982.jpg,1.0,99.0,original-aesthetic,6,0.0814,0.5639,0.1813,0.1835,0.8171,0.5964,0.0962,0.8925
expressionism,False,expressionism,/data/peter/aiart/data/Real_AI_SD_LD_Dataset/train/expressionism/abidin-dino_self-portrait-1973.jpg,1.8,98.2,original-aesthetic,8,0.3691,0.5211,0.6164,0.154,0.8193,0.6673,0.0834,0.4657
expressionism,False,expressionism,/data/peter/aiart/data/Real_AI_SD_LD_Dataset/train/expressionism/alberto-sughi_rimmel-2004.jpg,0.7,99.3,original-aesthetic,10,0.1896,0.4002,0.6615,0.067,0.8505,0.6967,0.1126,0.6428
expressionism,False,expressionism,/data/peter/aiart/data/Real_AI_SD_LD_Dataset/train/expressionism/alberto-giacometti_the-walking-man-i-1960.jpg,3.7,96.3,original-aesthetic,7,0.0533,0.5119,0.4277,0.1813,0.9213,0.8702,0.0293,0.8965
expressionism,False,expressionism,/data/peter/aiart/data/Real_AI_SD_LD_Dataset/train/expressionism/alberto-sughi_the-witness-clues-and-fragments-cycle-1996.jpg,1.7,98.3,original-aesthetic,20,0.0952,0.6321,0.4451,0.117,0.8486,0.678,0.1101,0.7114
expressionism,False,expressionism,/data/peter/aiart/data/Real_AI_SD_LD_Dataset/train/expressionism/albert-bloch_winter.jpg,5.7,94.3,original-aesthetic,39,0.0624,0.4952,0.5544,0.197,0.8283,0.6517,0.1187,0.551
expressionism,True,AI_SD_expressionism,/data/peter/aiart/data/Real_AI_SD_LD_Dataset/train/AI_SD_expressionism/2-98712002-551252.jpg,5.1,94.9,original-aesthetic,28,0.1314,0.5381,0.6228,0.1358,0.822,0.5951,0.1839,0.5235
expressionism,False,expressionism,/data/peter/aiart/data/Real_AI_SD_LD_Dataset/train/expressionism/albert-tucker_thames-1957.jpg,0.9,99.1,original-aesthetic,12,0.5586,0.5132,0.3252,0.1537,0.8024,0.7093,0.0903,0.3461
expressionism,False,expressionism,/data/peter/aiart/data/Real_AI_SD_LD_Dataset/train/expressionism/albert-bloch_piping-pierrot.jpg,1.9,98.1,original-aesthetic,9,0.083,0.3341,0.1695,0.1638,0.8621,0.7395,0.0691,0.9078
expressionism,False,expressionism,/data/peter/aiart/data/Real_AI_SD_LD_Dataset/train/expressionism/albert-bloch_conversation-1950.jpg,1.0,99.0,original-aesthetic,12,0.0986,0.4982,0.4339,0.1931,0.8311,0.6456,0.1649,0.5606
expressionism,False,expressionism,/data/peter/aiart/data/Real_AI_SD_LD_Dataset/train/expressionism/aladar-korosfoi-kriesch_all-souls-day-1910.jpg,3.0,97.0,original-aesthetic,12,0.154,0.6353,0.6147,0.0607,0.7496,0.662,0.0949,0.7406
expressionism,True,AI_SD_expressionism,/data/peter/aiart/data/Real_AI_SD_LD_Dataset/train/AI_SD_expressionism/2-983119583-69398.jpg,20.9,79.1,original-aesthetic,24,0.1814,0.4647,0.6115,0.1425,0.7884,0.5224,0.1473,0.387
expressionism,False,expressionism,/data/peter/aiart/data/Real_AI_SD_LD_Dataset/train/expressionism/ad-reinhardt_how-to-look-at-modern-art-1946.jpg,1.9,98.1,original-aesthetic,23,0.3943,0.5828,0.6507,0.0854,0.7775,0.5355,0.2643,0.4192
expressionism,False,expressionism,/data/peter/aiart/data/Real_AI_SD_LD_Dataset/train/expressionism/ad-reinhardt_a-page-by-ad-reinhardt.jpg,1.4,98.6,original-aesthetic,19,0.136,0.5565,0.4903,0.1917,0.8063,0.591,0.2507,0.4457
expressionism,True,AI_SD_expressionism,/data/peter/aiart/data/Real_AI_SD_LD_Dataset/train/AI_SD_expressionism/2-995068193-769929.jpg,19.3,80.7,original-aesthetic,33,0.3725,0.4343,0.669,0.101,0.8152,0.5912,0.1634,0.5129
expressionism,True,AI_SD_expressionism,/data/peter/aiart/data/Real_AI_SD_LD_Dataset/train/AI_SD_expressionism/2-961095993-496225.jpg,1.9,98.1,original-aesthetic,24,0.1194,0.5103,0.4443,0.1918,0.7681,0.5036,0.1833,0.4757
expressionism,False,expressionism,/data/peter/aiart/data/Real_AI_SD_LD_Dataset/train/expressionism/albert-bloch_untitled-infernal-figures.jpg,1.2,98.8,original-aesthetic,17,0.0888,0.4806,0.4008,0.162,0.8465,0.6747,0.1142,0.7981
expressionism,False,expressionism,/data/peter/aiart/data/Real_AI_SD_LD_Dataset/train/expressionism/abraham-manievich_untitled-1925.jpg,5.0,95.0,original-aesthetic,17,0.1763,0.348,0.4057,0.0738,0.8273,0.617,0.1759,0.6047
expressionism,True,AI_SD_expressionism,/data/peter/aiart/data/Real_AI_SD_LD_Dataset/train/AI_SD_expressionism/2-982705540-585798.jpg,20.4,79.6,original-aesthetic,24,0.1721,0.4308,0.4866,0.1816,0.7895,0.5381,0.1558,0.4418
expressionism,True,AI_SD_expressionism,/data/peter/aiart/data/Real_AI_SD_LD_Dataset/train/AI_SD_expressionism/2-994957601-162594.jpg,4.8,95.2,original-aesthetic,16,0.0537,0.5632,0.3972,0.1216,0.818,0.6189,0.1409,0.7749
expressionism,True,AI_SD_expressionism,/data/peter/aiart/data/Real_AI_SD_LD_Dataset/train/AI_SD_expressionism/2-997909615-788850.jpg,23.8,76.2,original-aesthetic,23,0.2754,0.4859,0.5542,0.1895,0.8219,0.6232,0.1393,0.4109
expressionism,True,AI_SD_expressionism,/data/peter/aiart/data/Real_AI_SD_LD_Dataset/train/AI_SD_expressionism/2-996192678-661097.jpg,4.2,95.8,original-aesthetic,24,0.5381,0.5105,0.5522,0.1936,0.798,0.5538,0.1564,0.1953
expressionism,True,AI_SD_expressionism,/data/peter/aiart/data/Real_AI_SD_LD_Dataset/train/AI_SD_expressionism/2-983091622-972884.jpg,1.1,98.9,original-aesthetic,20,0.1402,0.5646,0.5252,0.1744,0.7801,0.5461,0.1157,0.4897
expressionism,True,AI_SD_expressionism,/data/peter/aiart/data/Real_AI_SD_LD_Dataset/train/AI_SD_expressionism/2-991131578-3519.jpg,24.7,75.3,original-aesthetic,13,0.1824,0.5426,0.445,0.1669,0.7796,0.5434,0.1508,0.7171
expressionism,False,expressionism,/data/peter/aiart/data/Real_AI_SD_LD_Dataset/train/expressionism/albert-bloch_lamentation.jpg,6.7,93.3,original-aesthetic,15,0.1915,0.4203,0.347,0.0881,0.839,0.7021,0.0578,0.5316
expressionism,False,expressionism,/data/peter/aiart/data/Real_AI_SD_LD_Dataset/train/expressionism/albert-bloch_group-of-three.jpg,1.7,98.3,original-aesthetic,15,0.2539,0.4889,0.517,0.2159,0.8555,0.6916,0.1144,0.3486
expressionism,True,AI_SD_expressionism,/data/peter/aiart/data/Real_AI_SD_LD_Dataset/train/AI_SD_expressionism/2-996192678-772200.jpg,22.1,77.9,original-aesthetic,18,0.3992,0.5186,0.48,0.2084,0.7204,0.4412,0.2513,0.1903
expressionism,True,AI_SD_expressionism,/data/peter/aiart/data/Real_AI_SD_LD_Dataset/train/AI_SD_expressionism/2-983091622-173610.jpg,3.9,96.1,original-aesthetic,22,0.2096,0.4647,0.495,0.2083,0.7761,0.5609,0.1257,0.376
expressionism,False,expressionism,/data/peter/aiart/data/Real_AI_SD_LD_Dataset/train/expressionism/abidin-dino_nomads-portrait-of-a-woman-1940.jpg,0.9,99.1,original-aesthetic,3,0.1409,0.3103,0.5549,0.1141,0.8922,0.7655,0.0782,0.7855
expressionism,True,AI_SD_expressionism,/data/peter/aiart/data/Real_AI_SD_LD_Dataset/train/AI_SD_expressionism/2-970953231-914141.jpg,13.5,86.5,original-aesthetic,16,0.327,0.5455,0.6119,0.1329,0.8138,0.5857,0.1952,0.3314
expressionism,True,AI_SD_expressionism,/data/peter/aiart/data/Real_AI_SD_LD_Dataset/train/AI_SD_expressionism/2-994698851-970340.jpg,0.8,99.2,original-aesthetic,17,0.3928,0.508,0.409,0.1757,0.7525,0.4993,0.1691,0.2475
expressionism,False,expressionism,/data/peter/aiart/data/Real_AI_SD_LD_Dataset/train/expressionism/abidin-dino_hand-1950.jpg,0.7,99.3,original-aesthetic,6,0.7953,0.4374,0.5204,0.1795,0.87,0.7268,0.1259,0.0385
expressionism,True,AI_SD_expressionism,/data/peter/aiart/data/Real_AI_SD_LD_Dataset/train/AI_SD_expressionism/2-968065740-793254.jpg,24.4,75.6,original-aesthetic,28,0.3833,0.4767,0.507,0.2146,0.7746,0.5159,0.2212,0.1872
expressionism,False,expressionism,/data/peter/aiart/data/Real_AI_SD_LD_Dataset/train/expressionism/albert-bloch_the-four-pierrots-1912.jpg,1.2,98.8,original-aesthetic,17,0.1088,0.5661,0.4355,0.1434,0.8028,0.5658,0.0999,0.7961
expressionism,False,expressionism,/data/peter/aiart/data/Real_AI_SD_LD_Dataset/train/expressionism/alberto-burri_upper-piazza-1947.jpg,36.1,63.9,original-aesthetic,21,0.1471,0.5202,0.3438,0.1468,0.8873,0.7858,0.056,0.7334
expressionism,True,AI_SD_expressionism,/data/peter/aiart/data/Real_AI_SD_LD_Dataset/train/AI_SD_expressionism/2-988288030-318458.jpg,1.7,98.3,original-aesthetic,7,0.172,0.6059,0.4976,0.1751,0.7633,0.4953,0.126,0.6712
expressionism,True,AI_SD_expressionism,/data/peter/aiart/data/Real_AI_SD_LD_Dataset/train/AI_SD_expressionism/2-991131578-635979.jpg,5.5,94.5,original-aesthetic,26,0.3037,0.3954,0.6038,0.0883,0.7863,0.5513,0.1996,0.5214
expressionism,False,expressionism,/data/peter/aiart/data/Real_AI_SD_LD_Dataset/train/expressionism/alberto-giacometti_diego-in-a-plaid-shirt-1954.jpg,0.4,99.6,original-aesthetic,15,0.3184,0.5161,0.6949,0.1532,0.7818,0.6684,0.1765,0.6293
expressionism,True,AI_SD_expressionism,/data/peter/aiart/data/Real_AI_SD_LD_Dataset/train/AI_SD_expressionism/2-988647574-970951.jpg,12.0,88.0,original-aesthetic,15,0.5015,0.5194,0.5226,0.206,0.7771,0.5078,0.1588,0.1492
expressionism,False,expressionism,/data/peter/aiart/data/Real_AI_SD_LD_Dataset/train/expressionism/akseli-gallen-kallela_le-depart-de-v-in-m-inen-1906.jpg,3.0,97.0,original-aesthetic,29,0.131,0.5812,0.4123,0.1164,0.8149,0.6017,0.1764,0.549
expressionism,False,expressionism,/data/peter/aiart/data/Real_AI_SD_LD_Dataset/train/expressionism/abraham-manievich_artist-s-wife-1937.jpg,2.9,97.1,original-aesthetic,21,0.1163,0.4534,0.5044,0.2019,0.8056,0.6026,0.2455,0.2836
expressionism,True,AI_SD_expressionism,/data/peter/aiart/data/Real_AI_SD_LD_Dataset/train/AI_SD_expressionism/2-989912597-753405.jpg,3.8,96.2,original-aesthetic,7,0.3173,0.5893,0.5051,0.1792,0.7929,0.5392,0.1188,0.5615
expressionism,True,AI_SD_expressionism,/data/peter/aiart/data/Real_AI_SD_LD_Dataset/train/AI_SD_expressionism/2-987024753-710891.jpg,0.5,99.5,original-aesthetic,17,0.201,0.4819,0.5029,0.2211,0.7444,0.4614,0.1962,0.4738
expressionism,False,expressionism,/data/peter/aiart/data/Real_AI_SD_LD_Dataset/train/expressionism/alberto-gironella_m-degas-visita-a-sonia-1988.jpg,0.8,99.2,original-aesthetic,10,0.2305,0.4456,0.4057,0.1336,0.7853,0.6106,0.1417,0.5841
expressionism,True,AI_SD_expressionism,/data/peter/aiart/data/Real_AI_SD_LD_Dataset/train/AI_SD_expressionism/2-970026089-860929.jpg,0.2,99.8,original-aesthetic,18,0.2059,0.5867,0.4111,0.1115,0.7943,0.578,0.1785,0.5461
expressionism,False,expressionism,/data/peter/aiart/data/Real_AI_SD_LD_Dataset/train/expressionism/alberto-giacometti_portrait-1951.jpg,1.7,98.3,original-aesthetic,9,0.3951,0.496,0.6268,0.1675,0.7942,0.5741,0.2464,0.4971
expressionism,True,AI_SD_expressionism,/data/peter/aiart/data/Real_AI_SD_LD_Dataset/train/AI_SD_expressionism/2-989912597-797401.jpg,23.7,76.3,original-aesthetic,24,0.1953,0.5285,0.4063,0.1562,0.7676,0.5402,0.1633,0.3652
expressionism,False,expressionism,/data/peter/aiart/data/Real_AI_SD_LD_Dataset/train/expressionism/albert-bloch_harlequinade-1911.jpg,0.7,99.3,original-aesthetic,21,0.4841,0.5701,0.4053,0.1204,0.7864,0.6156,0.1415,0.2529
expressionism,False,expressionism,/data/peter/aiart/data/Real_AI_SD_LD_Dataset/train/expressionism/akseli-gallen-kallela_stockflotte-1908.jpg,21.1,78.9,original-aesthetic,10,0.1114,0.3767,0.2915,0.0603,0.8624,0.8245,0.0761,0.7825
expressionism,True,AI_SD_expressionism,/data/peter/aiart/data/Real_AI_SD_LD_Dataset/train/AI_SD_expressionism/2-986187429-650998.jpg,4.5,95.5,original-aesthetic,19,0.2886,0.3918,0.4664,0.1453,0.8091,0.5915,0.1052,0.4173
expressionism,True,AI_SD_expressionism,/data/peter/aiart/data/Real_AI_SD_LD_Dataset/train/AI_SD_expressionism/2-990841533-92563.jpg,2.3,97.7,original-aesthetic,16,0.721,0.561,0.4762,0.1777,0.771,0.496,0.1646,0.0975
expressionism,True,AI_SD_expressionism,/data/peter/aiart/data/Real_AI_SD_LD_Dataset/train/AI_SD_expressionism/2-974913017-461105.jpg,23.9,76.1,original-aesthetic,12,0.4414,0.5187,0.3787,0.1548,0.7691,0.5014,0.1073,0.4144
expressionism,True,AI_SD_expressionism,/data/peter/aiart/data/Real_AI_SD_LD_Dataset/train/AI_SD_expressionism/2-986592042-302805.jpg,4.6,95.4,original-aesthetic,21,0.2141,0.4534,0.442,0.1619,0.784,0.5223,0.1494,0.4722
expressionism,True,AI_SD_expressionism,/data/peter/aiart/data/Real_AI_SD_LD_Dataset/train/AI_SD_expressionism/2-986289654-166846.jpg,18.2,81.8,original-aesthetic,18,0.1421,0.4602,0.3315,0.1269,0.7443,0.4694,0.1547,0.6632
expressionism,True,AI_SD_expressionism,/data/peter/aiart/data/Real_AI_SD_LD_Dataset/train/AI_SD_expressionism/2-984639674-891400.jpg,17.1,82.9,original-aesthetic,21,0.2243,0.5144,0.4373,0.1844,0.7849,0.5261,0.1779,0.2562
expressionism,False,expressionism,/data/peter/aiart/data/Real_AI_SD_LD_Dataset/train/expressionism/alberto-sughi_man-with-dog-1964.jpg,1.7,98.3,original-aesthetic,5,0.3914,0.7251,0.5629,0.1191,0.8542,0.7332,0.0927,0.5966
expressionism,False,expressionism,/data/peter/aiart/data/Real_AI_SD_LD_Dataset/train/expressionism/abidin-dino_lament-nomads-1940.jpg,0.5,99.5,original-aesthetic,11,0.1271,0.4928,0.4793,0.2161,0.8977,0.8304,0.0888,0.7294
expressionism,False,expressionism,/data/peter/aiart/data/Real_AI_SD_LD_Dataset/train/expressionism/alberto-giacometti_isaku-yanaihara-1956.jpg,2.3,97.7,original-aesthetic,5,0.1238,0.4707,0.814,0.2015,0.9298,0.8892,0.0316,0.8476
expressionism,True,AI_SD_expressionism,/data/peter/aiart/data/Real_AI_SD_LD_Dataset/train/AI_SD_expressionism/2-976386660-509114.jpg,6.2,93.8,original-aesthetic,28,0.1244,0.4481,0.5492,0.1642,0.7956,0.5281,0.1442,0.538
expressionism,True,AI_SD_expressionism,/data/peter/aiart/data/Real_AI_SD_LD_Dataset/train/AI_SD_expressionism/2-992317954-132102.jpg,9.6,90.4,original-aesthetic,21,0.5098,0.5291,0.6414,0.1399,0.8128,0.5833,0.1631,0.2682
expressionism,True,AI_SD_expressionism,/data/peter/aiart/data/Real_AI_SD_LD_Dataset/train/AI_SD_expressionism/2-986289654-86099.jpg,1.9,98.1,original-aesthetic,36,0.1408,0.4728,0.4979,0.2157,0.7744,0.5271,0.1554,0.5692
expressionism,True,AI_SD_expressionism,/data/peter/aiart/data/Real_AI_SD_LD_Dataset/train/AI_SD_expressionism/2-995068193-558895.jpg,2.0,98.0,original-aesthetic,16,0.0987,0.4454,0.4311,0.1487,0.8338,0.6547,0.1358,0.6886
expressionism,False,expressionism,/data/peter/aiart/data/Real_AI_SD_LD_Dataset/train/expressionism/akseli-gallen-kallela_lemmink-inen-s-mother-1897.jpg,4.7,95.3,original-aesthetic,7,0.4961,0.4913,0.6166,0.1657,0.8154,0.6244,0.1504,0.4657
expressionism,True,AI_SD_expressionism,/data/peter/aiart/data/Real_AI_SD_LD_Dataset/train/AI_SD_expressionism/2-991131578-33155.jpg,15.7,84.3,original-aesthetic,15,0.3249,0.562,0.4875,0.1864,0.7725,0.4926,0.2171,0.4532
expressionism,True,AI_SD_expressionism,/data/peter/aiart/data/Real_AI_SD_LD_Dataset/train/AI_SD_expressionism/2-982705540-270319.jpg,2.9,97.1,original-aesthetic,27,0.3232,0.6255,0.4529,0.1265,0.751,0.5195,0.1417,0.4815
expressionism,True,AI_SD_expressionism,/data/peter/aiart/data/Real_AI_SD_LD_Dataset/train/AI_SD_expressionism/2-976674114-248899.jpg,2.9,97.1,original-aesthetic,24,0.0814,0.6025,0.5646,0.1205,0.7657,0.55,0.116,0.6657
expressionism,True,AI_SD_expressionism,/data/peter/aiart/data/Real_AI_SD_LD_Dataset/train/AI_SD_expressionism/2-98881405-650779.jpg,10.7,89.3,original-aesthetic,24,0.2392,0.3996,0.5104,0.1698,0.7373,0.4661,0.2121,0.2595
expressionism,False,expressionism,/data/peter/aiart/data/Real_AI_SD_LD_Dataset/train/expressionism/akseli-gallen-kallela_mt-donia-sabuk-1909.jpg,29.6,70.4,original-aesthetic,10,0.1095,0.6175,0.3562,0.0542,0.7705,0.6069,0.0971,0.844
expressionism,False,expressionism,/data/peter/aiart/data/Real_AI_SD_LD_Dataset/train/expressionism/alberto-giacometti_annette.jpg,1.7,98.3,original-aesthetic,14,0.2206,0.5789,0.8002,0.1598,0.8437,0.7022,0.2204,0.6839
expressionism,True,AI_SD_expressionism,/data/peter/aiart/data/Real_AI_SD_LD_Dataset/train/AI_SD_expressionism/2-994698851-989847.jpg,22.8,77.2,original-aesthetic,21,0.4531,0.4775,0.5133,0.2105,0.7459,0.4576,0.1932,0.1424
expressionism,True,AI_SD_expressionism,/data/peter/aiart/data/Real_AI_SD_LD_Dataset/train/AI_SD_expressionism/2-992317954-747945.jpg,23.5,76.5,original-aesthetic,15,0.8418,0.4362,0.4973,0.1935,0.7626,0.5119,0.1716,0.0851
expressionism,False,expressionism,/data/peter/aiart/data/Real_AI_SD_LD_Dataset/train/expressionism/alberto-sughi_virgo-laurentana-1995.jpg,1.7,98.3,original-aesthetic,15,0.2634,0.6324,0.4622,0.1333,0.8695,0.7226,0.0674,0.5397
expressionism,False,expressionism,/data/peter/aiart/data/Real_AI_SD_LD_Dataset/train/expressionism/abidin-dino_partisans-1944.jpg,1.0,99.0,original-aesthetic,4,0.3455,0.5359,0.541,0.1814,0.9443,0.9028,0.0582,0.5594
expressionism,False,expressionism,/data/peter/aiart/data/Real_AI_SD_LD_Dataset/train/expressionism/abidin-dino_harpooned-man-1970.jpg,2.5,97.5,original-aesthetic,10,0.4676,0.4874,0.4122,0.1731,0.9145,0.827,0.1021,0.3202
expressionism,False,expressionism,/data/peter/aiart/data/Real_AI_SD_LD_Dataset/train/expressionism/albert-bloch_procession-with-the-cross.jpg,0.5,99.5,original-aesthetic,14,0.1646,0.5879,0.3494,0.0804,0.8081,0.6327,0.1455,0.5468
expressionism,False,expressionism,/data/peter/aiart/data/Real_AI_SD_LD_Dataset/train/expressionism/albert-bloch_cityscape-with-tower.jpg,2.5,97.5,original-aesthetic,17,0.612,0.5062,0.4527,0.2001,0.7985,0.6297,0.1274,0.2222
expressionism,False,expressionism,/data/peter/aiart/data/Real_AI_SD_LD_Dataset/train/expressionism/albert-bloch_houses-at-night.jpg,8.6,91.4,original-aesthetic,14,0.0824,0.5474,0.4799,0.1889,0.8111,0.6759,0.0416,0.757
expressionism,False,expressionism,/data/peter/aiart/data/Real_AI_SD_LD_Dataset/train/expressionism/alberto-giacometti_studio.jpg,7.5,92.5,original-aesthetic,13,0.1536,0.5344,0.6487,0.1335,0.8916,0.8117,0.099,0.7148
expressionism,False,expressionism,/data/peter/aiart/data/Real_AI_SD_LD_Dataset/train/expressionism/abraham-manievich_village-landscape.jpg,15.9,84.1,original-aesthetic,29,0.6953,0.4789,0.4664,0.1972,0.8057,0.5634,0.2988,0.0573
expressionism,False,expressionism,/data/peter/aiart/data/Real_AI_SD_LD_Dataset/train/expressionism/albert-huie_monday-morning.jpg,2.3,97.7,original-aesthetic,2,0.8984,0.4967,0.4994,0.2329,0.6236,0.4788,0.1884,0.1003
expressionism,True,AI_SD_expressionism,/data/peter/aiart/data/Real_AI_SD_LD_Dataset/train/AI_SD_expressionism/2-996192678-929355.jpg,14.0,86.0,original-aesthetic,21,0.5627,0.5372,0.4486,0.1734,0.7664,0.508,0.1734,0.1632
expressionism,False,expressionism,/data/peter/aiart/data/Real_AI_SD_LD_Dataset/train/expressionism/albert-bloch_head-1911.jpg,0.5,99.5,original-aesthetic,24,0.0783,0.5679,0.4753,0.1729,0.8835,0.7379,0.1112,0.6183
expressionism,False,expressionism,/data/peter/aiart/data/Real_AI_SD_LD_Dataset/train/expressionism/albert-bloch_march-of-the-clowns-1941.jpg,2.7,97.3,original-aesthetic,19,0.1994,0.5427,0.4897,0.1996,0.7693,0.5241,0.2466,0.2867
expressionism,False,expressionism,/data/peter/aiart/data/Real_AI_SD_LD_Dataset/train/expressionism/alberto-giacometti_landscape-near-stampa-sun.jpg,10.6,89.4,original-aesthetic,7,0.6992,0.4998,0.649,0.1674,0.8172,0.6703,0.2153,0.2983
expressionism,False,expressionism,/data/peter/aiart/data/Real_AI_SD_LD_Dataset/train/expressionism/albert-bloch_walk-to-emmaus-1938.jpg,3.5,96.5,original-aesthetic,18,0.3753,0.4216,0.5169,0.1739,0.857,0.758,0.1851,0.1972
expressionism,True,AI_SD_expressionism,/data/peter/aiart/data/Real_AI_SD_LD_Dataset/train/AI_SD_expressionism/2-979244865-355696.jpg,27.9,72.1,original-aesthetic,36,0.3385,0.5513,0.5177,0.1885,0.7593,0.4729,0.2036,0.2228
expressionism,True,AI_SD_expressionism,/data/peter/aiart/data/Real_AI_SD_LD_Dataset/train/AI_SD_expressionism/2-991374414-688460.jpg,9.7,90.3,original-aesthetic,30,0.1134,0.5459,0.5531,0.1657,0.7344,0.4549,0.1614,0.4322
expressionism,False,expressionism,/data/peter/aiart/data/Real_AI_SD_LD_Dataset/train/expressionism/abraham-manievich_untitled-1925-1.jpg,6.8,93.2,original-aesthetic,33,0.2724,0.4627,0.4929,0.2054,0.858,0.7089,0.2048,0.3683
expressionism,False,expressionism,/data/peter/aiart/data/Real_AI_SD_LD_Dataset/train/expressionism/akseli-gallen-kallela_the-abduction-of-sampo-1905.jpg,3.6,96.4,original-aesthetic,5,0.0117,0.4039,0.8558,0.2019,0.8796,0.7495,0.103,0.9814
expressionism,True,AI_SD_expressionism,/data/peter/aiart/data/Real_AI_SD_LD_Dataset/train/AI_SD_expressionism/2-98712002-697637.jpg,32.2,67.8,original-aesthetic,26,0.176,0.482,0.4552,0.1923,0.7942,0.5617,0.173,0.5059
expressionism,False,expressionism,/data/peter/aiart/data/Real_AI_SD_LD_Dataset/train/expressionism/albert-bloch_veranda.jpg,4.1,95.9,original-aesthetic,34,0.2129,0.4783,0.4899,0.2134,0.8483,0.6866,0.142,0.4013
expressionism,True,AI_SD_expressionism,/data/peter/aiart/data/Real_AI_SD_LD_Dataset/train/AI_SD_expressionism/2-989516190-112425.jpg,5.4,94.6,original-aesthetic,14,0.1692,0.6081,0.3345,0.0586,0.7509,0.5113,0.1163,0.6549
expressionism,False,expressionism,/data/peter/aiart/data/Real_AI_SD_LD_Dataset/train/expressionism/albert-bloch_for-clown-iv.jpg,0.1,99.9,original-aesthetic,29,0.1412,0.4398,0.5187,0.1823,0.7424,0.5083,0.2448,0.5518
expressionism,False,expressionism,/data/peter/aiart/data/Real_AI_SD_LD_Dataset/train/expressionism/akseli-gallen-kallela_the-storm-1902.jpg,4.7,95.3,original-aesthetic,18,0.4063,0.4453,0.3447,0.1125,0.7899,0.5993,0.1712,0.4734
expressionism,False,expressionism,/data/peter/aiart/data/Real_AI_SD_LD_Dataset/train/expressionism/alberto-magnelli_map-of-the-world-and-lacerba-1914.jpg,2.0,98.0,original-aesthetic,12,0.2685,0.5074,0.4477,0.1961,0.7368,0.5837,0.1078,0.6212
expressionism,False,expressionism,/data/peter/aiart/data/Real_AI_SD_LD_Dataset/train/expressionism/alberto-giacometti_portrait-of-woman-1965.jpg,0.7,99.3,original-aesthetic,8,0.1712,0.481,0.7547,0.1719,0.863,0.6901,0.136,0.7948
expressionism,True,AI_SD_expressionism,/data/peter/aiart/data/Real_AI_SD_LD_Dataset/train/AI_SD_expressionism/2-997909615-43288.jpg,2.5,97.5,original-aesthetic,21,0.5423,0.5412,0.4011,0.1426,0.7704,0.5342,0.1129,0.3106
expressionism,True,AI_SD_expressionism,/data/peter/aiart/data/Real_AI_SD_LD_Dataset/train/AI_SD_expressionism/2-994957601-357982.jpg,10.0,90.0,original-aesthetic,30,0.3509,0.5414,0.3623,0.1286,0.7544,0.4847,0.1822,0.4391
expressionism,True,AI_SD_expressionism,/data/peter/aiart/data/Real_AI_SD_LD_Dataset/train/AI_SD_expressionism/2-96642406-448150.jpg,0.8,99.2,original-aesthetic,16,0.2155,0.4486,0.3317,0.1152,0.7977,0.5693,0.1119,0.5376
expressionism,True,AI_SD_expressionism,/data/peter/aiart/data/Real_AI_SD_LD_Dataset/train/AI_SD_expressionism/2-983220014-825600.jpg,17.7,82.3,original-aesthetic,26,0.1754,0.3577,0.4157,0.0859,0.7372,0.5089,0.1283,0.537
expressionism,True,AI_SD_expressionism,/data/peter/aiart/data/Real_AI_SD_LD_Dataset/train/AI_SD_expressionism/2-98987843-783029.jpg,9.9,90.1,original-aesthetic,17,0.3676,0.6184,0.5235,0.151,0.8441,0.6587,0.1493,0.3005
expressionism,False,expressionism,/data/peter/aiart/data/Real_AI_SD_LD_Dataset/train/expressionism/albert-huie_sorrel.jpg,0.8,99.2,original-aesthetic,14,0.6484,0.4427,0.4756,0.1794,0.7058,0.4249,0.2858,0.2219
expressionism,False,expressionism,/data/peter/aiart/data/Real_AI_SD_LD_Dataset/train/expressionism/alberto-giacometti_nude-with-flowers-1960.jpg,1.1,98.9,original-aesthetic,12,0.4888,0.4928,0.6043,0.1712,0.8452,0.7002,0.2075,0.3255
expressionism,True,AI_SD_expressionism,/data/peter/aiart/data/Real_AI_SD_LD_Dataset/train/AI_SD_expressionism/2-995981963-27384.jpg,0.8,99.2,original-aesthetic,13,0.1389,0.6644,0.5169,0.1498,0.7843,0.5321,0.1108,0.7036
expressionism,False,expressionism,/data/peter/aiart/data/Real_AI_SD_LD_Dataset/train/expressionism/albert-bloch_souvenir-1921.jpg,5.4,94.6,original-aesthetic,21,0.3538,0.5803,0.4958,0.184,0.795,0.5613,0.1736,0.311
expressionism,False,expressionism,/data/peter/aiart/data/Real_AI_SD_LD_Dataset/train/expressionism/albert-tucker_city-1973.jpg,72.1,27.9,ai-aesthetic,11,0.0349,0.5782,0.528,0.1644,0.8503,0.7753,0.0861,0.8761
expressionism,True,AI_SD_expressionism,/data/peter/aiart/data/Real_AI_SD_LD_Dataset/train/AI_SD_expressionism/2-987024753-169054.jpg,24.8,75.2,original-aesthetic,22,0.1441,0.482,0.6175,0.1566,0.7399,0.5412,0.1519,0.5482
expressionism,True,AI_SD_expressionism,/data/peter/aiart/data/Real_AI_SD_LD_Dataset/train/AI_SD_expressionism/2-989009509-275090.jpg,2.8,97.2,original-aesthetic,18,0.3223,0.3939,0.5921,0.096,0.7298,0.4895,0.1086,0.5607
expressionism,True,AI_SD_expressionism,/data/peter/aiart/data/Real_AI_SD_LD_Dataset/train/AI_SD_expressionism/2-994124993-605476.jpg,7.1,92.9,original-aesthetic,17,0.2148,0.5163,0.339,0.1505,0.8076,0.6062,0.1507,0.4199
expressionism,False,expressionism,/data/peter/aiart/data/Real_AI_SD_LD_Dataset/train/expressionism/alberto-magnelli_tuscan-landscape-1922.jpg,10.0,90.0,original-aesthetic,16,0.0396,0.5135,0.4126,0.1724,0.7382,0.4648,0.1375,0.8971
expressionism,True,AI_SD_expressionism,/data/peter/aiart/data/Real_AI_SD_LD_Dataset/train/AI_SD_expressionism/2-994698851-244721.jpg,9.3,90.7,original-aesthetic,35,0.1095,0.4347,0.3344,0.1014,0.7728,0.4971,0.1641,0.649
expressionism,False,expressionism,/data/peter/aiart/data/Real_AI_SD_LD_Dataset/train/expressionism/albin-egger-lienz_boy-at-the-spring-1923.jpg,2.6,97.4,original-aesthetic,11,0.1887,0.5034,0.564,0.1928,0.8613,0.7158,0.0572,0.6637
expressionism,True,AI_SD_expressionism,/data/peter/aiart/data/Real_AI_SD_LD_Dataset/train/AI_SD_expressionism/2-978711515-499482.jpg,1.7,98.3,original-aesthetic,18,0.1743,0.4462,0.3866,0.1248,0.7844,0.5324,0.1303,0.5595
expressionism,True,AI_SD_expressionism,/data/peter/aiart/data/Real_AI_SD_LD_Dataset/train/AI_SD_expressionism/2-95404091-181122.jpg,16.2,83.8,original-aesthetic,21,0.2028,0.545,0.5505,0.1683,0.7426,0.478,0.147,0.5226
expressionism,True,AI_SD_expressionism,/data/peter/aiart/data/Real_AI_SD_LD_Dataset/train/AI_SD_expressionism/2-982705540-684543.jpg,6.9,93.1,original-aesthetic,25,0.1639,0.522,0.5724,0.1727,0.7296,0.4693,0.1827,0.4065
expressionism,True,AI_SD_expressionism,/data/peter/aiart/data/Real_AI_SD_LD_Dataset/train/AI_SD_expressionism/2-982618904-347073.jpg,1.9,98.1,original-aesthetic,14,0.459,0.5484,0.4794,0.1879,0.7522,0.4971,0.1394,0.1194
expressionism,False,expressionism,/data/peter/aiart/data/Real_AI_SD_LD_Dataset/train/expressionism/alberto-giacometti_diego-1958.jpg,9.9,90.1,original-aesthetic,20,0.0406,0.5534,0.497,0.199,0.8757,0.8245,0.0353,0.8415
expressionism,False,expressionism,/data/peter/aiart/data/Real_AI_SD_LD_Dataset/train/expressionism/abraham-manievich_landscape.jpg,10.1,89.9,original-aesthetic,44,0.1097,0.53,0.5059,0.211,0.8685,0.7482,0.1373,0.5607
expressionism,False,expressionism,/data/peter/aiart/data/Real_AI_SD_LD_Dataset/train/expressionism/abidin-dino_pumpkin-1955.jpg,2.6,97.4,original-aesthetic,7,0.0564,0.5854,0.3908,0.0995,0.8879,0.7884,0.0415,0.8825
expressionism,True,AI_SD_expressionism,/data/peter/aiart/data/Real_AI_SD_LD_Dataset/train/AI_SD_expressionism/2-98987843-852639.jpg,31.1,68.9,original-aesthetic,21,0.2325,0.5306,0.4401,0.173,0.7676,0.4962,0.191,0.2617
expressionism,False,expressionism,/data/peter/aiart/data/Real_AI_SD_LD_Dataset/train/expressionism/albert-bloch_blue-waterfall-1932.jpg,6.9,93.1,original-aesthetic,26,0.351,0.498,0.5734,0.1892,0.8598,0.6815,0.2413,0.2407
expressionism,True,AI_SD_expressionism,/data/peter/aiart/data/Real_AI_SD_LD_Dataset/train/AI_SD_expressionism/2-994124993-241170.jpg,18.9,81.1,original-aesthetic,19,0.3785,0.4775,0.3372,0.1442,0.773,0.5017,0.1569,0.3395
expressionism,False,expressionism,/data/peter/aiart/data/Real_AI_SD_LD_Dataset/train/expressionism/afewerk-tekle_the-total-liberation-of-africa.jpg,14.3,85.7,original-aesthetic,8,0.4723,0.5287,0.4921,0.2104,0.8226,0.6167,0.1796,0.4391
expressionism,False,expressionism,/data/peter/aiart/data/Real_AI_SD_LD_Dataset/train/expressionism/alberto-gironella_valle-inclan.jpg,1.2,98.8,original-aesthetic,13,0.3333,0.558,0.4629,0.1691,0.8062,0.617,0.1187,0.4262
expressionism,True,AI_SD_expressionism,/data/peter/aiart/data/Real_AI_SD_LD_Dataset/train/AI_SD_expressionism/2-973717693-98405.jpg,2.9,97.1,original-aesthetic,18,0.5742,0.6401,0.4649,0.1343,0.789,0.5346,0.1216,0.2447
expressionism,True,AI_SD_expressionism,/data/peter/aiart/data/Real_AI_SD_LD_Dataset/train/AI_SD_expressionism/2-952112868-375349.jpg,13.2,86.8,original-aesthetic,26,0.243,0.5343,0.524,0.1946,0.7686,0.5135,0.1662,0.239
expressionism,True,AI_SD_expressionism,/data/peter/aiart/data/Real_AI_SD_LD_Dataset/train/AI_SD_expressionism/2-986592042-41373.jpg,24.6,75.4,original-aesthetic,23,0.1673,0.4699,0.6276,0.1421,0.7225,0.4935,0.1466,0.5586
expressionism,False,expressionism,/data/peter/aiart/data/Real_AI_SD_LD_Dataset/train/expressionism/ad-reinhardt_illustration-for-the-races-of-mankind-by-ruth-benedict-and-gene-weltfish-1944.jpg,0.2,99.8,original-aesthetic,10,0.3369,0.4971,0.4592,0.2065,0.7923,0.6136,0.1816,0.2146
expressionism,True,AI_SD_expressionism,/data/peter/aiart/data/Real_AI_SD_LD_Dataset/train/AI_SD_expressionism/2-983091622-511464.jpg,0.6,99.4,original-aesthetic,17,0.1914,0.4764,0.6238,0.1493,0.7973,0.5792,0.122,0.4364
expressionism,False,expressionism,/data/peter/aiart/data/Real_AI_SD_LD_Dataset/train/expressionism/albert-bloch_three-pierrots-and-harlequin-1914.jpg,1.9,98.1,original-aesthetic,11,0.1961,0.6449,0.5815,0.0879,0.7876,0.5547,0.1119,0.5099
expressionism,False,expressionism,/data/peter/aiart/data/Real_AI_SD_LD_Dataset/train/expressionism/albert-bloch_gulls-1941.jpg,10.9,89.1,original-aesthetic,21,0.2862,0.5421,0.6259,0.1311,0.7588,0.5324,0.2293,0.2622
expressionism,True,AI_SD_expressionism,/data/peter/aiart/data/Real_AI_SD_LD_Dataset/train/AI_SD_expressionism/2-96654364-691632.jpg,6.4,93.6,original-aesthetic,30,0.2588,0.6403,0.4865,0.1554,0.7649,0.5071,0.1611,0.533
expressionism,False,expressionism,/data/peter/aiart/data/Real_AI_SD_LD_Dataset/train/expressionism/alberto-sughi_the-condemned-1961.jpg,22.1,77.9,original-aesthetic,8,0.0747,0.5011,0.3949,0.1767,0.9015,0.8329,0.0325,0.7172
expressionism,True,AI_SD_expressionism,/data/peter/aiart/data/Real_AI_SD_LD_Dataset/train/AI_SD_expressionism/2-983119583-903449.jpg,8.4,91.6,original-aesthetic,17,0.7344,0.6025,0.4986,0.1773,0.7708,0.5309,0.1243,0.1816
expressionism,True,AI_SD_expressionism,/data/peter/aiart/data/Real_AI_SD_LD_Dataset/train/AI_SD_expressionism/2-988288030-93498.jpg,39.6,60.4,original-aesthetic,20,0.5843,0.505,0.5089,0.2259,0.8323,0.6225,0.1975,0.1764
expressionism,True,AI_SD_expressionism,/data/peter/aiart/data/Real_AI_SD_LD_Dataset/train/AI_SD_expressionism/2-995068193-822828.jpg,35.2,64.8,original-aesthetic,17,0.1477,0.4035,0.55,0.1361,0.7709,0.5115,0.1558,0.6406
expressionism,True,AI_SD_expressionism,/data/peter/aiart/data/Real_AI_SD_LD_Dataset/train/AI_SD_expressionism/2-995981963-635743.jpg,14.8,85.2,original-aesthetic,28,0.1439,0.5709,0.5294,0.1674,0.7734,0.5198,0.1953,0.2873
expressionism,False,expressionism,/data/peter/aiart/data/Real_AI_SD_LD_Dataset/train/expressionism/albert-tucker_judas-1955.jpg,0.9,99.1,original-aesthetic,22,0.0791,0.4327,0.4244,0.1348,0.823,0.7016,0.1042,0.709
expressionism,False,expressionism,/data/peter/aiart/data/Real_AI_SD_LD_Dataset/train/expressionism/albert-bloch_masked-portrait-georg-trakl-1943.jpg,0.3,99.7,original-aesthetic,34,0.2287,0.4206,0.5663,0.133,0.8375,0.6374,0.2964,0.3813
expressionism,False,expressionism,/data/peter/aiart/data/Real_AI_SD_LD_Dataset/train/expressionism/albin-egger-lienz_am-kalvarienberg-bei-bozen.jpg,19.8,80.2,original-aesthetic,10,0.0664,0.2429,0.5157,0.176,0.8602,0.8326,0.0269,0.8889
expressionism,True,AI_SD_expressionism,/data/peter/aiart/data/Real_AI_SD_LD_Dataset/train/AI_SD_expressionism/2-996192678-884902.jpg,0.3,99.7,original-aesthetic,14,0.1226,0.4143,0.4692,0.1581,0.7466,0.4691,0.1836,0.7011
expressionism,False,expressionism,/data/peter/aiart/data/Real_AI_SD_LD_Dataset/train/expressionism/abraham-manievich_autumn-day.jpg,7.5,92.5,original-aesthetic,23,0.084,0.5748,0.3024,0.0969,0.806,0.636,0.181,0.7257
expressionism,True,AI_SD_expressionism,/data/peter/aiart/data/Real_AI_SD_LD_Dataset/train/AI_SD_expressionism/2-976674114-338928.jpg,2.3,97.7,original-aesthetic,22,0.1865,0.4538,0.3581,0.123,0.7569,0.4792,0.146,0.5427
expressionism,True,AI_SD_expressionism,/data/peter/aiart/data/Real_AI_SD_LD_Dataset/train/AI_SD_expressionism/2-98557604-725161.jpg,39.2,60.8,original-aesthetic,20,0.7363,0.4872,0.4486,0.1922,0.7837,0.509,0.2159,0.1805
expressionism,True,AI_SD_expressionism,/data/peter/aiart/data/Real_AI_SD_LD_Dataset/train/AI_SD_expressionism/2-990841533-173068.jpg,14.4,85.6,original-aesthetic,20,0.1988,0.4692,0.5529,0.1773,0.7706,0.5377,0.162,0.3934
expressionism,False,expressionism,/data/peter/aiart/data/Real_AI_SD_LD_Dataset/train/expressionism/albert-bloch_study-of-shape-and-color-9-with-railway-bridge.jpg,1.3,98.7,original-aesthetic,26,0.2368,0.5462,0.6862,0.122,0.8555,0.6723,0.1741,0.6169
expressionism,False,expressionism,/data/peter/aiart/data/Real_AI_SD_LD_Dataset/train/expressionism/albert-huie_park-orators.jpg,1.5,98.5,original-aesthetic,11,0.5435,0.4793,0.5282,0.2012,0.6002,0.4773,0.1732,0.0
expressionism,True,AI_SD_expressionism,/data/peter/aiart/data/Real_AI_SD_LD_Dataset/train/AI_SD_expressionism/2-992317954-403267.jpg,2.5,97.5,original-aesthetic,23,0.2376,0.5965,0.4204,0.1118,0.779,0.5386,0.102,0.5563
expressionism,True,AI_SD_expressionism,/data/peter/aiart/data/Real_AI_SD_LD_Dataset/train/AI_SD_expressionism/2-991374414-252495.jpg,10.3,89.7,original-aesthetic,15,0.2266,0.5353,0.3107,0.1333,0.8076,0.6186,0.1231,0.649
expressionism,True,AI_SD_expressionism,/data/peter/aiart/data/Real_AI_SD_LD_Dataset/train/AI_SD_expressionism/2-994957601-390930.jpg,5.7,94.3,original-aesthetic,23,0.2161,0.458,0.4855,0.1967,0.8393,0.6386,0.1268,0.4527
expressionism,False,expressionism,/data/peter/aiart/data/Real_AI_SD_LD_Dataset/train/expressionism/ad-reinhardt_how-to-look-at-modern-art-detail-1946.jpg,2.2,97.8,original-aesthetic,14,0.2273,0.5384,0.4973,0.2082,0.7976,0.6956,0.1679,0.5162
expressionism,True,AI_SD_expressionism,/data/peter/aiart/data/Real_AI_SD_LD_Dataset/train/AI_SD_expressionism/2-96259378-108565.jpg,45.7,54.3,original-aesthetic,18,0.3984,0.5481,0.4462,0.1637,0.7991,0.5407,0.1672,0.3459
expressionism,False,expressionism,/data/peter/aiart/data/Real_AI_SD_LD_Dataset/train/expressionism/abidin-dino_drawing-pain-self-portrait-1967.jpg,0.7,99.3,original-aesthetic,10,0.2342,0.5698,0.5001,0.1927,0.9105,0.8068,0.1509,0.7064
expressionism,True,AI_SD_expressionism,/data/peter/aiart/data/Real_AI_SD_LD_Dataset/train/AI_SD_expressionism/2-973344001-326752.jpg,0.9,99.1,original-aesthetic,17,0.1486,0.417,0.4041,0.1096,0.7639,0.5344,0.1611,0.5933
expressionism,False,expressionism,/data/peter/aiart/data/Real_AI_SD_LD_Dataset/train/expressionism/abraham-manievich_cloudy-day-bridgeport-connecticut-1939.jpg,6.9,93.1,original-aesthetic,22,0.26,0.5641,0.3072,0.1058,0.8072,0.6614,0.1816,0.5217
expressionism,False,expressionism,/data/peter/aiart/data/Real_AI_SD_LD_Dataset/train/expressionism/abidin-dino_unknown-title-4.jpg,0.5,99.5,original-aesthetic,20,0.4059,0.5001,0.4522,0.2047,0.7743,0.5784,0.1898,0.4532
expressionism,False,expressionism,/data/peter/aiart/data/Real_AI_SD_LD_Dataset/train/expressionism/ad-reinhardt_how-to-look-at-a-spiral-1946.jpg,9.0,91.0,original-aesthetic,22,0.2177,0.4424,0.6083,0.1237,0.7681,0.5409,0.2881,0.4458
expressionism,False,expressionism,/data/peter/aiart/data/Real_AI_SD_LD_Dataset/train/expressionism/albert-bloch_night-v-1917.jpg,2.7,97.3,original-aesthetic,19,0.0912,0.4989,0.5754,0.1891,0.8798,0.7527,0.0825,0.7338
expressionism,False,expressionism,/data/peter/aiart/data/Real_AI_SD_LD_Dataset/train/expressionism/ad-reinhardt_ho-to-look-at-an-artist.jpg,1.0,99.0,original-aesthetic,25,0.126,0.4833,0.4483,0.1889,0.7726,0.5739,0.2614,0.575
expressionism,False,expressionism,/data/peter/aiart/data/Real_AI_SD_LD_Dataset/train/expressionism/albert-huie_pocomania.jpg,0.4,99.6,original-aesthetic,9,0.9258,0.4572,0.5097,0.2,0.5197,0.5336,0.0962,0.0422
expressionism,False,expressionism,/data/peter/aiart/data/Real_AI_SD_LD_Dataset/train/expressionism/afewerk-tekle_african-heritage-1967.jpg,37.4,62.6,original-aesthetic,16,0.1058,0.5091,0.5345,0.2056,0.8531,0.688,0.2089,0.8275
expressionism,False,expressionism,/data/peter/aiart/data/Real_AI_SD_LD_Dataset/train/expressionism/abraham-manievich_town-scene-with-bus-stop.jpg,0.9,99.1,original-aesthetic,35,0.0764,0.5718,0.5761,0.1311,0.8606,0.7025,0.2119,0.6333
expressionism,False,expressionism,/data/peter/aiart/data/Real_AI_SD_LD_Dataset/train/expressionism/abidin-dino_drawing-pain-1968.jpg,1.4,98.6,original-aesthetic,19,0.2185,0.6413,0.4428,0.1123,0.9292,0.9047,0.0551,0.4657
expressionism,True,AI_SD_expressionism,/data/peter/aiart/data/Real_AI_SD_LD_Dataset/train/AI_SD_expressionism/2-982618904-609472.jpg,22.8,77.2,original-aesthetic,13,0.3223,0.5125,0.4675,0.2044,0.7513,0.4763,0.1846,0.3093
expressionism,True,AI_SD_expressionism,/data/peter/aiart/data/Real_AI_SD_LD_Dataset/train/AI_SD_expressionism/2-97405842-661999.jpg,25.6,74.4,original-aesthetic,21,0.14,0.5422,0.4577,0.176,0.7875,0.5137,0.1928,0.6799
expressionism,False,expressionism,/data/peter/aiart/data/Real_AI_SD_LD_Dataset/train/expressionism/abidin-dino_unknown-title-1.jpg,1.5,98.5,original-aesthetic,11,0.1558,0.4895,0.3101,0.1579,0.8534,0.6695,0.0801,0.6404
expressionism,False,expressionism,/data/peter/aiart/data/Real_AI_SD_LD_Dataset/train/expressionism/abidin-dino_legendes-a-venir-theatre-poster.jpg,0.4,99.6,original-aesthetic,4,0.0703,0.5337,0.4801,0.198,0.9533,0.9469,0.0273,0.8655
expressionism,True,AI_SD_expressionism,/data/peter/aiart/data/Real_AI_SD_LD_Dataset/train/AI_SD_expressionism/2-968665081-935059.jpg,1.2,98.8,original-aesthetic,16,0.103,0.5333,0.3598,0.136,0.754,0.5385,0.0962,0.6382
expressionism,False,expressionism,/data/peter/aiart/data/Real_AI_SD_LD_Dataset/train/expressionism/albert-bloch_entombent.jpg,1.4,98.6,original-aesthetic,20,0.1459,0.4364,0.3171,0.1044,0.8439,0.6307,0.1217,0.6435
expressionism,True,AI_SD_expressionism,/data/peter/aiart/data/Real_AI_SD_LD_Dataset/train/AI_SD_expressionism/2-995068193-370201.jpg,39.1,60.9,original-aesthetic,19,0.2315,0.4767,0.6034,0.1567,0.7587,0.484,0.17,0.4378
expressionism,False,expressionism,/data/peter/aiart/data/Real_AI_SD_LD_Dataset/train/expressionism/alberto-sughi_clues-and-fragments-2008.jpg,7.0,93.0,original-aesthetic,16,0.0652,0.5208,0.4771,0.2048,0.8354,0.6745,0.078,0.7996
