style,is_ai_generated,source,path,ai_likeness_percent,originality_score,dominant_aesthetic,cv_region_count,cv_largest_region_area_ratio,cv_subject_centroid_x,cv_subject_centroid_y,cv_rule_of_thirds_offset,cv_symmetry_score,cv_symmetry_score_fuzzy_global,cv_edge_density,cv_negative_space_ratio,has_face
baroque,False,baroque,/data/peter/aiart/data/Real_AI_SD_LD_Dataset/train/baroque/abraham-storck_a-dutch-yacht-on-the-river-y.jpg,72.4,27.6,ai-aesthetic,3,0.2958,0.4678,0.5929,0.1534,0.798,0.7883,0.0574,0.6693,False
baroque,True,AI_SD_baroque,/data/peter/aiart/data/Real_AI_SD_LD_Dataset/train/AI_SD_baroque/1-998423839-208159.jpg,12.0,88.0,original-aesthetic,6,0.3279,0.4172,0.6531,0.0849,0.7616,0.5384,0.0697,0.4322,False
baroque,False,baroque,/data/peter/aiart/data/Real_AI_SD_LD_Dataset/train/baroque/adam-elsheimer_st-john-the-baptist-1605.jpg,4.8,95.2,original-aesthetic,11,0.3227,0.5525,0.4404,0.1565,0.8228,0.6458,0.1462,0.317,False
baroque,False,baroque,/data/peter/aiart/data/Real_AI_SD_LD_Dataset/train/baroque/adam-elsheimer_morgenlandschaft-aurora-1606.jpg,80.0,20.0,ai-aesthetic,5,0.3937,0.3903,0.5376,0.1411,0.8031,0.7624,0.029,0.5621,False
baroque,True,AI_SD_baroque,/data/peter/aiart/data/Real_AI_SD_LD_Dataset/train/AI_SD_baroque/1-97256492-541653.jpg,53.4,46.6,ai-aesthetic,8,0.0516,0.3282,0.574,0.0928,0.7194,0.5304,0.0506,0.8484,True
baroque,False,baroque,/data/peter/aiart/data/Real_AI_SD_LD_Dataset/train/baroque/abraham-storck_the-rokin-with-the-stock-exchange-of-hendrick-de-keijser.jpg,61.6,38.4,ai-aesthetic,7,0.2163,0.4026,0.5523,0.1337,0.7392,0.6177,0.0489,0.699,False
baroque,True,AI_SD_baroque,/data/peter/aiart/data/Real_AI_SD_LD_Dataset/train/AI_SD_baroque/1-998636199-196961.jpg,24.1,75.9,original-aesthetic,15,0.2285,0.5116,0.5929,0.1717,0.7435,0.5077,0.1031,0.4907,True
baroque,True,AI_SD_baroque,/data/peter/aiart/data/Real_AI_SD_LD_Dataset/train/AI_SD_baroque/1-989618348-920675.jpg,18.7,81.3,original-aesthetic,9,0.037,0.38,0.4159,0.0949,0.8285,0.6803,0.0485,0.863,True
baroque,True,AI_SD_baroque,/data/peter/aiart/data/Real_AI_SD_LD_Dataset/train/AI_SD_baroque/1-97342597-384333.jpg,31.2,68.8,original-aesthetic,6,0.5316,0.5555,0.5333,0.1736,0.7977,0.5731,0.0628,0.3363,True
baroque,False,baroque,/data/peter/aiart/data/Real_AI_SD_LD_Dataset/train/baroque/abraham-storck_hollandse-haven-in-de-winter.jpg,38.1,61.9,original-aesthetic,4,0.1328,0.4969,0.7898,0.2048,0.7819,0.654,0.0627,0.7918,False
baroque,False,baroque,/data/peter/aiart/data/Real_AI_SD_LD_Dataset/train/baroque/adam-elsheimer_seated-young-woman.jpg,8.5,91.5,original-aesthetic,3,0.1804,0.519,0.5851,0.1687,0.9141,0.8208,0.0615,0.8137,False
baroque,True,AI_SD_baroque,/data/peter/aiart/data/Real_AI_SD_LD_Dataset/train/AI_SD_baroque/1-990349314-598964.jpg,18.8,81.2,original-aesthetic,6,0.4952,0.5171,0.6785,0.15,0.7925,0.6371,0.0844,0.4388,True
baroque,True,AI_SD_baroque,/data/peter/aiart/data/Real_AI_SD_LD_Dataset/train/AI_SD_baroque/1-978111543-238505.jpg,32.1,67.9,original-aesthetic,14,0.0658,0.5678,0.6228,0.1082,0.7689,0.5493,0.1819,0.8321,False
baroque,True,AI_SD_baroque,/data/peter/aiart/data/Real_AI_SD_LD_Dataset/train/AI_SD_baroque/1-999715265-522176.jpg,23.0,77.0,original-aesthetic,8,0.5802,0.3754,0.5005,0.1714,0.7872,0.6068,0.0558,0.3358,True
baroque,False,baroque,/data/peter/aiart/data/Real_AI_SD_LD_Dataset/train/baroque/abraham-storck_fischerboote-im-sturm-vor-der-hollandischen-kuste-bei-den-helder.jpg,51.8,48.2,ai-aesthetic,6,0.3996,0.4289,0.6856,0.0974,0.8184,0.7888,0.0492,0.5656,False
baroque,False,baroque,/data/peter/aiart/data/Real_AI_SD_LD_Dataset/train/baroque/adam-elsheimer_the-great-flood-1600.jpg,34.7,65.3,original-aesthetic,8,0.3298,0.3298,0.6892,0.0228,0.816,0.7116,0.1588,0.5158,False
baroque,True,AI_SD_baroque,/data/peter/aiart/data/Real_AI_SD_LD_Dataset/train/AI_SD_baroque/1-981030833-666330.jpg,22.5,77.5,original-aesthetic,12,0.3034,0.4179,0.5722,0.1267,0.7257,0.5537,0.0939,0.3656,True
baroque,True,AI_SD_baroque,/data/peter/aiart/data/Real_AI_SD_LD_Dataset/train/AI_SD_baroque/1-990349314-104857.jpg,39.6,60.4,original-aesthetic,16,0.0939,0.3911,0.6234,0.0722,0.7458,0.6044,0.0598,0.72,False
baroque,True,AI_SD_baroque,/data/peter/aiart/data/Real_AI_SD_LD_Dataset/train/AI_SD_baroque/1-977711377-964865.jpg,18.2,81.8,original-aesthetic,12,0.1818,0.4885,0.5012,0.2268,0.7655,0.5362,0.0994,0.5348,True
baroque,True,AI_SD_baroque,/data/peter/aiart/data/Real_AI_SD_LD_Dataset/train/AI_SD_baroque/1-96855823-79196.jpg,25.3,74.7,original-aesthetic,12,0.1653,0.5649,0.4189,0.1329,0.7556,0.6238,0.0971,0.7005,True
baroque,True,AI_SD_baroque,/data/peter/aiart/data/Real_AI_SD_LD_Dataset/train/AI_SD_baroque/1-986856565-410726.jpg,31.9,68.1,original-aesthetic,19,0.2521,0.5967,0.6829,0.0718,0.7914,0.6099,0.105,0.5392,True
baroque,True,AI_SD_baroque,/data/peter/aiart/data/Real_AI_SD_LD_Dataset/train/AI_SD_baroque/1-996688518-39041.jpg,16.8,83.2,original-aesthetic,12,0.4152,0.5521,0.4835,0.1888,0.8068,0.5959,0.0843,0.411,True
baroque,True,AI_SD_baroque,/data/peter/aiart/data/Real_AI_SD_LD_Dataset/train/AI_SD_baroque/1-971412731-428276.jpg,30.1,69.9,original-aesthetic,9,0.3071,0.5457,0.4174,0.1473,0.8724,0.7238,0.1449,0.2926,True
baroque,False,baroque,/data/peter/aiart/data/Real_AI_SD_LD_Dataset/train/baroque/adam-elsheimer_ceres-at-the-cottage.jpg,10.4,89.6,original-aesthetic,8,0.0267,0.4809,0.4824,0.2098,0.9763,0.9692,0.0159,0.9308,False
baroque,False,baroque,/data/peter/aiart/data/Real_AI_SD_LD_Dataset/train/baroque/abraham-storck_shipping-off-amsterdam-1700.jpg,51.8,48.2,ai-aesthetic,8,0.3711,0.4514,0.6585,0.1184,0.8216,0.8094,0.0713,0.402,False
baroque,False,baroque,/data/peter/aiart/data/Real_AI_SD_LD_Dataset/train/baroque/adam-elsheimer_st-jerome-in-the-wilderness.jpg,35.6,64.4,original-aesthetic,14,0.168,0.5242,0.4053,0.1596,0.8709,0.7602,0.0917,0.694,False
baroque,False,baroque,/data/peter/aiart/data/Real_AI_SD_LD_Dataset/train/baroque/adam-elsheimer_mercury-and-herse-1605.jpg,58.2,41.8,ai-aesthetic,21,0.2437,0.503,0.4971,0.2315,0.7902,0.571,0.0599,0.5018,False
baroque,True,AI_SD_baroque,/data/peter/aiart/data/Real_AI_SD_LD_Dataset/train/AI_SD_baroque/1-981771372-916612.jpg,20.4,79.6,original-aesthetic,11,0.8626,0.5523,0.5155,0.1896,0.751,0.5143,0.0813,0.0809,True
baroque,False,baroque,/data/peter/aiart/data/Real_AI_SD_LD_Dataset/train/baroque/adam-elsheimer_the-holy-family-with-the-infant-john-the-baptist-and-angels-1599.jpg,50.6,49.4,ai-aesthetic,22,0.1945,0.5324,0.5554,0.1744,0.8005,0.5982,0.1946,0.5093,False
baroque,False,baroque,/data/peter/aiart/data/Real_AI_SD_LD_Dataset/train/baroque/abraham-storck_malningen-fyradagarslaget-1-4-juni-1666.jpg,42.5,57.5,original-aesthetic,19,0.5234,0.5115,0.7161,0.1629,0.769,0.6682,0.0896,0.4192,False
baroque,True,AI_SD_baroque,/data/peter/aiart/data/Real_AI_SD_LD_Dataset/train/AI_SD_baroque/1-993240681-758249.jpg,17.8,82.2,original-aesthetic,14,0.4244,0.4879,0.6126,0.1638,0.7358,0.5347,0.0941,0.3966,True
baroque,False,baroque,/data/peter/aiart/data/Real_AI_SD_LD_Dataset/train/baroque/abraham-storck_four-days-battle.jpg,36.9,63.1,original-aesthetic,11,0.6289,0.4986,0.681,0.1659,0.7493,0.7216,0.1341,0.348,False
baroque,False,baroque,/data/peter/aiart/data/Real_AI_SD_LD_Dataset/train/baroque/abraham-storck_a-dutch-ship-entering-a-mediterranean-port.jpg,58.3,41.7,ai-aesthetic,15,0.0982,0.5907,0.6761,0.0766,0.8214,0.7409,0.072,0.755,False
baroque,True,AI_SD_baroque,/data/peter/aiart/data/Real_AI_SD_LD_Dataset/train/AI_SD_baroque/1-985381655-704048.jpg,15.3,84.7,original-aesthetic,9,0.168,0.5644,0.7233,0.1169,0.7287,0.6176,0.1085,0.6466,False
baroque,False,baroque,/data/peter/aiart/data/Real_AI_SD_LD_Dataset/train/baroque/abraham-storck_southern-harbour-scene-with-merchants.jpg,55.0,45.0,ai-aesthetic,16,0.1144,0.5266,0.6061,0.1526,0.7643,0.7007,0.1235,0.556,False
baroque,False,baroque,/data/peter/aiart/data/Real_AI_SD_LD_Dataset/train/baroque/adam-elsheimer_ceres-changes-stellio-into-a-lizard-1608.jpg,2.1,97.9,original-aesthetic,6,0.2511,0.4129,0.6665,0.0796,0.9314,0.8969,0.0542,0.7136,False
baroque,False,baroque,/data/peter/aiart/data/Real_AI_SD_LD_Dataset/train/baroque/abraham-storck_an-italian-harbor.jpg,41.1,58.9,original-aesthetic,20,0.145,0.5012,0.51,0.2278,0.8175,0.6985,0.0625,0.6291,False
baroque,True,AI_SD_baroque,/data/peter/aiart/data/Real_AI_SD_LD_Dataset/train/AI_SD_baroque/1-999715265-320251.jpg,49.3,50.7,original-aesthetic,10,0.3726,0.5685,0.5569,0.1472,0.7519,0.5327,0.1137,0.3825,True
baroque,False,baroque,/data/peter/aiart/data/Real_AI_SD_LD_Dataset/train/baroque/abraham-storck_dutch-shipping-in-an-estuary.jpg,67.7,32.3,ai-aesthetic,17,0.1476,0.4841,0.6701,0.1508,0.8191,0.823,0.0637,0.6059,False
baroque,False,baroque,/data/peter/aiart/data/Real_AI_SD_LD_Dataset/train/baroque/adam-elsheimer_mocking-of-ceres-1605.jpg,1.5,98.5,original-aesthetic,24,0.1616,0.6172,0.5143,0.1602,0.9008,0.806,0.1128,0.5651,False
baroque,False,baroque,/data/peter/aiart/data/Real_AI_SD_LD_Dataset/train/baroque/abraham-storck_hollandse-straatvaarders-bij-een-haven-aan-de-middellandse-zee-hollandse-straatvaarders-bij-een-0.jpg,48.7,51.3,original-aesthetic,11,0.2406,0.4982,0.5669,0.1927,0.8599,0.804,0.0496,0.5721,False
baroque,False,baroque,/data/peter/aiart/data/Real_AI_SD_LD_Dataset/train/baroque/abraham-storck_walfanger-im-eismeer.jpg,64.0,36.0,ai-aesthetic,13,0.1527,0.5468,0.729,0.1351,0.8637,0.8096,0.0728,0.6589,False
baroque,False,baroque,/data/peter/aiart/data/Real_AI_SD_LD_Dataset/train/baroque/abraham-storck_a-southern-port-scene-with-numerous-figures-on-a-quayside.jpg,67.7,32.3,ai-aesthetic,15,0.3906,0.4567,0.718,0.1336,0.8732,0.8155,0.0727,0.5153,False
baroque,False,baroque,/data/peter/aiart/data/Real_AI_SD_LD_Dataset/train/baroque/abraham-storck_beach-view.jpg,75.8,24.2,ai-aesthetic,11,0.2557,0.4606,0.7233,0.1393,0.8566,0.8119,0.0675,0.5682,False
baroque,False,baroque,/data/peter/aiart/data/Real_AI_SD_LD_Dataset/train/baroque/adam-elsheimer_the-excavation-of-the-cross-1605.jpg,1.0,99.0,original-aesthetic,16,0.6523,0.5418,0.5368,0.1802,0.8069,0.6342,0.1712,0.1553,False
baroque,True,AI_SD_baroque,/data/peter/aiart/data/Real_AI_SD_LD_Dataset/train/AI_SD_baroque/1-996251093-16024.jpg,44.1,55.9,original-aesthetic,16,0.034,0.478,0.6259,0.1503,0.8212,0.6955,0.0732,0.8458,False
baroque,False,baroque,/data/peter/aiart/data/Real_AI_SD_LD_Dataset/train/baroque/adam-elsheimer_jacobs-dream-1598.jpg,2.9,97.1,original-aesthetic,19,0.1927,0.5264,0.5132,0.2079,0.8446,0.7211,0.1094,0.3581,False
baroque,True,AI_SD_baroque,/data/peter/aiart/data/Real_AI_SD_LD_Dataset/train/AI_SD_baroque/1-951854523-49367.jpg,28.0,72.0,original-aesthetic,15,0.3828,0.5067,0.6272,0.1648,0.8079,0.5988,0.1049,0.3438,False
baroque,False,baroque,/data/peter/aiart/data/Real_AI_SD_LD_Dataset/train/baroque/adam-elsheimer_saint-agnes.jpg,0.4,99.6,original-aesthetic,13,0.5022,0.4646,0.5378,0.1839,0.8724,0.7329,0.1448,0.3151,False
baroque,False,baroque,/data/peter/aiart/data/Real_AI_SD_LD_Dataset/train/baroque/adam-elsheimer_altar-with-six-scenes-from-the-life-of-the-virgin-mary-1598.jpg,19.4,80.6,original-aesthetic,24,0.143,0.5904,0.5116,0.1728,0.7803,0.5435,0.19,0.475,False
baroque,True,AI_SD_baroque,/data/peter/aiart/data/Real_AI_SD_LD_Dataset/train/AI_SD_baroque/1-970325673-772084.jpg,20.0,80.0,original-aesthetic,15,0.3586,0.4343,0.5806,0.1327,0.7586,0.5553,0.112,0.3589,True
baroque,False,baroque,/data/peter/aiart/data/Real_AI_SD_LD_Dataset/train/baroque/adam-elsheimer_pan-et-syrinx-1610.jpg,20.7,79.3,original-aesthetic,7,0.3469,0.3118,0.4043,0.0742,0.737,0.5887,0.089,0.4866,False
baroque,True,AI_SD_baroque,/data/peter/aiart/data/Real_AI_SD_LD_Dataset/train/AI_SD_baroque/1-99837456-57421.jpg,21.9,78.1,original-aesthetic,19,0.4066,0.5633,0.4503,0.1561,0.7779,0.5324,0.1341,0.3226,True
baroque,False,baroque,/data/peter/aiart/data/Real_AI_SD_LD_Dataset/train/baroque/adam-elsheimer_apollo-and-coronis-1608.jpg,61.5,38.5,ai-aesthetic,15,0.0481,0.3684,0.4806,0.1514,0.8526,0.8192,0.0543,0.7906,False
baroque,False,baroque,/data/peter/aiart/data/Real_AI_SD_LD_Dataset/train/baroque/adam-elsheimer_saint-christopher-1599.jpg,8.5,91.5,original-aesthetic,5,0.141,0.5023,0.4733,0.2159,0.9041,0.8129,0.0589,0.828,False
baroque,True,AI_SD_baroque,/data/peter/aiart/data/Real_AI_SD_LD_Dataset/train/AI_SD_baroque/1-995032197-201542.jpg,44.8,55.2,original-aesthetic,16,0.421,0.5928,0.6318,0.0817,0.7803,0.5894,0.0787,0.4026,False
baroque,False,baroque,/data/peter/aiart/data/Real_AI_SD_LD_Dataset/train/baroque/adam-elsheimer_the-emmaus-miracle.jpg,16.3,83.7,original-aesthetic,19,0.24,0.487,0.4275,0.1802,0.8047,0.6075,0.1925,0.3494,False
baroque,True,AI_SD_baroque,/data/peter/aiart/data/Real_AI_SD_LD_Dataset/train/AI_SD_baroque/1-987149636-867056.jpg,25.6,74.4,original-aesthetic,18,0.0891,0.4453,0.6235,0.12,0.7903,0.5734,0.0936,0.6494,True
baroque,True,AI_SD_baroque,/data/peter/aiart/data/Real_AI_SD_LD_Dataset/train/AI_SD_baroque/1-996688518-865940.jpg,7.2,92.8,original-aesthetic,11,0.1547,0.5228,0.6306,0.1483,0.801,0.5564,0.0942,0.561,True
baroque,True,AI_SD_baroque,/data/peter/aiart/data/Real_AI_SD_LD_Dataset/train/AI_SD_baroque/1-990669526-106196.jpg,17.2,82.8,original-aesthetic,8,0.2158,0.3728,0.6961,0.0492,0.7626,0.5672,0.0825,0.6767,True
baroque,False,baroque,/data/peter/aiart/data/Real_AI_SD_LD_Dataset/train/baroque/abraham-storck_departure-of-william-iii-from-hellevoetsluis-19-october-1688-1688.jpg,43.5,56.5,original-aesthetic,20,0.0996,0.5299,0.7543,0.1624,0.7861,0.7348,0.0956,0.6745,False
baroque,False,baroque,/data/peter/aiart/data/Real_AI_SD_LD_Dataset/train/baroque/abraham-storck_dutch-ships-on-choppy-coastal-waters-by-a-spit-of-land-with-a-beacon.jpg,41.2,58.8,original-aesthetic,5,0.1788,0.4595,0.6449,0.128,0.8759,0.8585,0.0437,0.6719,False
baroque,True,AI_SD_baroque,/data/peter/aiart/data/Real_AI_SD_LD_Dataset/train/AI_SD_baroque/1-99837456-255563.jpg,10.4,89.6,original-aesthetic,14,0.4432,0.6075,0.4693,0.1483,0.7841,0.6067,0.1035,0.2818,True
baroque,False,baroque,/data/peter/aiart/data/Real_AI_SD_LD_Dataset/train/baroque/abraham-storck_vue-dun-port-meridional.jpg,53.9,46.1,ai-aesthetic,15,0.1944,0.5247,0.7926,0.1897,0.7044,0.5428,0.1097,0.6719,False
baroque,True,AI_SD_baroque,/data/peter/aiart/data/Real_AI_SD_LD_Dataset/train/AI_SD_baroque/1-962195076-329560.jpg,32.4,67.6,original-aesthetic,12,0.3031,0.4782,0.6283,0.1498,0.8638,0.7384,0.0828,0.397,True
baroque,True,AI_SD_baroque,/data/peter/aiart/data/Real_AI_SD_LD_Dataset/train/AI_SD_baroque/1-982097027-512027.jpg,40.8,59.2,original-aesthetic,14,0.1088,0.5043,0.7143,0.1692,0.7657,0.5722,0.0721,0.7454,True
baroque,True,AI_SD_baroque,/data/peter/aiart/data/Real_AI_SD_LD_Dataset/train/AI_SD_baroque/1-985381655-622246.jpg,56.7,43.3,ai-aesthetic,12,0.2155,0.4789,0.5598,0.1806,0.8522,0.6689,0.1022,0.5944,False
baroque,True,AI_SD_baroque,/data/peter/aiart/data/Real_AI_SD_LD_Dataset/train/AI_SD_baroque/1-998849624-993421.jpg,25.6,74.4,original-aesthetic,13,0.5317,0.485,0.5548,0.1885,0.768,0.5788,0.087,0.3157,True
baroque,False,baroque,/data/peter/aiart/data/Real_AI_SD_LD_Dataset/train/baroque/adam-elsheimer_josephus-before-emperor-vespasian.jpg,1.0,99.0,original-aesthetic,28,0.7182,0.5139,0.5217,0.2106,0.896,0.77,0.2087,0.1146,False
baroque,True,AI_SD_baroque,/data/peter/aiart/data/Real_AI_SD_LD_Dataset/train/AI_SD_baroque/1-995265928-496742.jpg,19.3,80.7,original-aesthetic,8,0.0966,0.4704,0.7276,0.15,0.7949,0.5722,0.0917,0.7066,False
baroque,True,AI_SD_baroque,/data/peter/aiart/data/Real_AI_SD_LD_Dataset/train/AI_SD_baroque/1-989275564-8.jpg,17.9,82.1,original-aesthetic,11,0.1236,0.5113,0.4793,0.2132,0.7784,0.6439,0.1016,0.7001,True
baroque,False,baroque,/data/peter/aiart/data/Real_AI_SD_LD_Dataset/train/baroque/adam-elsheimer_the-conversion-of-st-paul-1598.jpg,18.6,81.4,original-aesthetic,19,0.3905,0.4879,0.6105,0.1644,0.7594,0.4979,0.1692,0.2647,False
baroque,True,AI_SD_baroque,/data/peter/aiart/data/Real_AI_SD_LD_Dataset/train/AI_SD_baroque/1-999715265-708225.jpg,11.2,88.8,original-aesthetic,19,0.1433,0.4881,0.6357,0.1578,0.7467,0.5682,0.1004,0.6687,False
baroque,False,baroque,/data/peter/aiart/data/Real_AI_SD_LD_Dataset/train/baroque/adam-elsheimer_saint-elizabeth-of-hungary-bringing-food-for-the-inmates-of-a-hospital-1598.jpg,41.9,58.1,original-aesthetic,6,0.1709,0.4583,0.8598,0.23,0.8756,0.7712,0.1106,0.8127,False
baroque,True,AI_SD_baroque,/data/peter/aiart/data/Real_AI_SD_LD_Dataset/train/AI_SD_baroque/1-991964950-827966.jpg,20.0,80.0,original-aesthetic,21,0.0909,0.4434,0.6165,0.121,0.7629,0.5208,0.2068,0.7291,False
baroque,False,baroque,/data/peter/aiart/data/Real_AI_SD_LD_Dataset/train/baroque/abraham-storck_bateaux-et-personnages-a-lentree-dun-port-le-dome-dune-eglise-a-larriere-plan.jpg,10.0,90.0,original-aesthetic,5,0.5912,0.6301,0.579,0.095,0.8777,0.8566,0.1105,0.3499,False
baroque,False,baroque,/data/peter/aiart/data/Real_AI_SD_LD_Dataset/train/baroque/adam-elsheimer_minerva-as-patroness-of-arts-and-sciences-1605.jpg,60.2,39.8,ai-aesthetic,5,0.0165,0.6193,0.496,0.1694,0.9603,0.9479,0.0229,0.9646,False
baroque,False,baroque,/data/peter/aiart/data/Real_AI_SD_LD_Dataset/train/baroque/abraham-storck_ships-passing-a-windmill.jpg,77.2,22.8,ai-aesthetic,6,0.3832,0.5001,0.6356,0.1694,0.7263,0.6856,0.0746,0.5011,False
baroque,True,AI_SD_baroque,/data/peter/aiart/data/Real_AI_SD_LD_Dataset/train/AI_SD_baroque/1-999851934-475631.jpg,23.1,76.9,original-aesthetic,8,0.4729,0.426,0.5421,0.1552,0.7571,0.5992,0.0935,0.1628,True
baroque,True,AI_SD_baroque,/data/peter/aiart/data/Real_AI_SD_LD_Dataset/train/AI_SD_baroque/1-999851934-237126.jpg,42.1,57.9,original-aesthetic,11,0.0762,0.5679,0.5122,0.1834,0.7503,0.6456,0.085,0.7112,True
baroque,False,baroque,/data/peter/aiart/data/Real_AI_SD_LD_Dataset/train/baroque/adam-elsheimer_a-witch-with-cupids-1598.jpg,20.0,80.0,original-aesthetic,3,0.7227,0.4316,0.5333,0.1657,0.8436,0.6861,0.0892,0.2726,False
baroque,False,baroque,/data/peter/aiart/data/Real_AI_SD_LD_Dataset/train/baroque/adam-elsheimer_st-joseph-and-the-christ-child-1605.jpg,13.0,87.0,original-aesthetic,27,0.2811,0.5867,0.4354,0.1297,0.7995,0.6793,0.1255,0.5554,False
baroque,False,baroque,/data/peter/aiart/data/Real_AI_SD_LD_Dataset/train/baroque/abraham-storck_tableau-de-marine.jpg,53.8,46.2,ai-aesthetic,18,0.1748,0.4508,0.511,0.195,0.8536,0.7479,0.0526,0.6968,False
baroque,False,baroque,/data/peter/aiart/data/Real_AI_SD_LD_Dataset/train/baroque/abraham-storck_a-dutch-ship-passing-a-fort.jpg,37.6,62.4,original-aesthetic,19,0.1621,0.4544,0.5931,0.1417,0.77,0.6139,0.0678,0.5536,False
baroque,True,AI_SD_baroque,/data/peter/aiart/data/Real_AI_SD_LD_Dataset/train/AI_SD_baroque/1-996731966-868800.jpg,41.9,58.1,original-aesthetic,14,0.5293,0.4755,0.5636,0.1756,0.7592,0.4831,0.1003,0.2574,True
baroque,False,baroque,/data/peter/aiart/data/Real_AI_SD_LD_Dataset/train/baroque/abraham-storck_czar-peter-the-great-on-board-of-his-yacht-en-route-to-the-pieter-en-paul.jpg,42.1,57.9,original-aesthetic,20,0.3984,0.5274,0.4647,0.1915,0.7511,0.6352,0.0966,0.4803,False
baroque,False,baroque,/data/peter/aiart/data/Real_AI_SD_LD_Dataset/train/baroque/abraham-storck_shipping.jpg,51.1,48.9,ai-aesthetic,8,0.3749,0.4393,0.6318,0.1116,0.8126,0.7376,0.055,0.5187,False
baroque,False,baroque,/data/peter/aiart/data/Real_AI_SD_LD_Dataset/train/baroque/abraham-storck_havnescene-med-antikke-ruiner-1666.jpg,39.6,60.4,original-aesthetic,12,0.2437,0.4773,0.6068,0.1559,0.8085,0.7328,0.0748,0.5574,False
baroque,False,baroque,/data/peter/aiart/data/Real_AI_SD_LD_Dataset/train/baroque/abraham-storck_peter-der-grosse-inspiziert-ein-schiff-bei-amsterdam-1700.jpg,32.8,67.2,original-aesthetic,12,0.296,0.467,0.6676,0.1337,0.8,0.8452,0.0784,0.6303,False
baroque,False,baroque,/data/peter/aiart/data/Real_AI_SD_LD_Dataset/train/baroque/adam-elsheimer_saint-paul-1605.jpg,18.0,82.0,original-aesthetic,16,0.2521,0.6045,0.5412,0.14,0.8106,0.6318,0.1492,0.5885,False
baroque,True,AI_SD_baroque,/data/peter/aiart/data/Real_AI_SD_LD_Dataset/train/AI_SD_baroque/1-976463339-996233.jpg,25.7,74.3,original-aesthetic,18,0.0895,0.6014,0.6222,0.079,0.7449,0.6236,0.0634,0.7837,True
baroque,False,baroque,/data/peter/aiart/data/Real_AI_SD_LD_Dataset/train/baroque/abraham-storck_hollandse-straatvaarders-bij-een-haven-aan-de-middellandse-zee-hollandse-straatvaarders-bij-een.jpg,50.5,49.5,ai-aesthetic,10,0.3363,0.5469,0.5655,0.1568,0.8256,0.7682,0.0486,0.6186,False
baroque,True,AI_SD_baroque,/data/peter/aiart/data/Real_AI_SD_LD_Dataset/train/AI_SD_baroque/1-961286015-458420.jpg,19.1,80.9,original-aesthetic,8,0.2192,0.5964,0.5825,0.1097,0.8275,0.6446,0.0786,0.5833,True
baroque,False,baroque,/data/peter/aiart/data/Real_AI_SD_LD_Dataset/train/baroque/abraham-storck_an-english-yacht-saluting-a-dutch-man-of-war-in-the-port-of-rotterdam-1708.jpg,52.0,48.0,ai-aesthetic,13,0.1158,0.4647,0.6604,0.1315,0.7913,0.7292,0.1047,0.6673,False
baroque,True,AI_SD_baroque,/data/peter/aiart/data/Real_AI_SD_LD_Dataset/train/AI_SD_baroque/1-962342489-173977.jpg,23.9,76.1,original-aesthetic,10,0.5719,0.5113,0.6702,0.1554,0.7409,0.4936,0.1571,0.3645,True
baroque,True,AI_SD_baroque,/data/peter/aiart/data/Real_AI_SD_LD_Dataset/train/AI_SD_baroque/1-996688518-557141.jpg,25.6,74.4,original-aesthetic,8,0.0651,0.4782,0.7094,0.1511,0.77,0.5742,0.0462,0.8125,True
baroque,False,baroque,/data/peter/aiart/data/Real_AI_SD_LD_Dataset/train/baroque/abraham-storck_a-mock-sea-battle-on-the-ij-in-honour-of-the-russian-ambassadors-mock-battle-on-the-ij-on-the.jpg,60.9,39.1,ai-aesthetic,16,0.2119,0.4842,0.598,0.1658,0.8527,0.7855,0.06,0.6385,False
baroque,True,AI_SD_baroque,/data/peter/aiart/data/Real_AI_SD_LD_Dataset/train/AI_SD_baroque/1-995032197-833322.jpg,23.3,76.7,original-aesthetic,13,0.1051,0.4481,0.5781,0.145,0.7744,0.5971,0.1108,0.6869,True
baroque,False,baroque,/data/peter/aiart/data/Real_AI_SD_LD_Dataset/train/baroque/abraham-storck_practice-fight-of-the-dutch-fleet-in-the-honour-of-tzar-peter-the-great-1-sept-1697-fragment.jpg,23.6,76.4,original-aesthetic,19,0.3746,0.4696,0.6059,0.1492,0.7596,0.5359,0.1523,0.3072,False
baroque,False,baroque,/data/peter/aiart/data/Real_AI_SD_LD_Dataset/train/baroque/abraham-storck_een-rivierzicht.jpg,70.1,29.9,ai-aesthetic,14,0.2046,0.4915,0.6631,0.1582,0.8761,0.8665,0.0463,0.5794,False
baroque,True,AI_SD_baroque,/data/peter/aiart/data/Real_AI_SD_LD_Dataset/train/AI_SD_baroque/1-96879160-453954.jpg,48.8,51.2,original-aesthetic,13,0.2328,0.5709,0.6119,0.1103,0.7874,0.5672,0.1434,0.5465,True
baroque,False,baroque,/data/peter/aiart/data/Real_AI_SD_LD_Dataset/train/baroque/abraham-storck_italiaanse-haven.jpg,37.6,62.4,original-aesthetic,13,0.2825,0.5417,0.6306,0.1301,0.8148,0.7209,0.0814,0.5191,False
baroque,True,AI_SD_baroque,/data/peter/aiart/data/Real_AI_SD_LD_Dataset/train/AI_SD_baroque/1-996731966-679966.jpg,57.2,42.8,ai-aesthetic,17,0.247,0.393,0.658,0.0603,0.7319,0.5404,0.096,0.5117,True
baroque,False,baroque,/data/peter/aiart/data/Real_AI_SD_LD_Dataset/train/baroque/abraham-storck_fecit.jpg,59.1,40.9,ai-aesthetic,9,0.2826,0.5376,0.6994,0.1332,0.8038,0.7497,0.0585,0.5525,False
baroque,True,AI_SD_baroque,/data/peter/aiart/data/Real_AI_SD_LD_Dataset/train/AI_SD_baroque/1-981771372-388208.jpg,6.9,93.1,original-aesthetic,20,0.0653,0.5866,0.4097,0.1107,0.7587,0.5266,0.0895,0.6773,True
baroque,True,AI_SD_baroque,/data/peter/aiart/data/Real_AI_SD_LD_Dataset/train/AI_SD_baroque/1-970325673-841624.jpg,19.7,80.3,original-aesthetic,5,0.3532,0.3221,0.5414,0.1257,0.797,0.6582,0.1201,0.4719,True
baroque,True,AI_SD_baroque,/data/peter/aiart/data/Real_AI_SD_LD_Dataset/train/AI_SD_baroque/1-998849624-783831.jpg,55.0,45.0,ai-aesthetic,13,0.2944,0.5139,0.5834,0.1739,0.7492,0.5889,0.1207,0.5616,True
baroque,True,AI_SD_baroque,/data/peter/aiart/data/Real_AI_SD_LD_Dataset/train/AI_SD_baroque/1-998849624-437995.jpg,14.3,85.7,original-aesthetic,15,0.6116,0.44,0.5999,0.1259,0.7812,0.5713,0.0882,0.3398,True
baroque,False,baroque,/data/peter/aiart/data/Real_AI_SD_LD_Dataset/train/baroque/abraham-storck_boats-at-a-mooring-place-1683.jpg,42.8,57.2,original-aesthetic,6,0.5039,0.5295,0.7392,0.1551,0.8251,0.8115,0.0752,0.4364,False
baroque,False,baroque,/data/peter/aiart/data/Real_AI_SD_LD_Dataset/train/baroque/abraham-storck_a-view-of-nafplion-in-greece-with-dutch-indiamen-galleys-and-other-vessels-offshore.jpg,53.7,46.3,ai-aesthetic,10,0.127,0.4555,0.6451,0.1241,0.8259,0.8177,0.0307,0.7839,False
baroque,True,AI_SD_baroque,/data/peter/aiart/data/Real_AI_SD_LD_Dataset/train/AI_SD_baroque/1-998636199-253514.jpg,28.4,71.6,original-aesthetic,10,0.1904,0.4238,0.4546,0.1513,0.7469,0.5402,0.113,0.5969,True
baroque,False,baroque,/data/peter/aiart/data/Real_AI_SD_LD_Dataset/train/baroque/abraham-storck_self-portrait.jpg,5.0,95.0,original-aesthetic,8,0.7418,0.5376,0.5821,0.1543,0.7358,0.7008,0.0979,0.225,True
baroque,True,AI_SD_baroque,/data/peter/aiart/data/Real_AI_SD_LD_Dataset/train/AI_SD_baroque/1-983967609-97047.jpg,25.6,74.4,original-aesthetic,11,0.2412,0.3772,0.4098,0.0882,0.7636,0.6062,0.0635,0.4821,False
baroque,True,AI_SD_baroque,/data/peter/aiart/data/Real_AI_SD_LD_Dataset/train/AI_SD_baroque/1-976951592-544401.jpg,44.3,55.7,original-aesthetic,14,0.0228,0.4063,0.6847,0.0751,0.794,0.6992,0.077,0.9013,False
baroque,False,baroque,/data/peter/aiart/data/Real_AI_SD_LD_Dataset/train/baroque/abraham-storck_view-of-a-harbour-on-the-zuiderzee.jpg,44.2,55.8,original-aesthetic,16,0.0928,0.5109,0.6407,0.1579,0.8247,0.7796,0.0898,0.6752,False
baroque,True,AI_SD_baroque,/data/peter/aiart/data/Real_AI_SD_LD_Dataset/train/AI_SD_baroque/1-99837456-487931.jpg,40.1,59.9,original-aesthetic,5,0.2745,0.615,0.615,0.0731,0.7936,0.6121,0.0725,0.6249,True
baroque,False,baroque,/data/peter/aiart/data/Real_AI_SD_LD_Dataset/train/baroque/adam-elsheimer_jupiter-and-mercury-at-philemon-and-baucis-1610.jpg,22.1,77.9,original-aesthetic,6,0.1928,0.3648,0.5775,0.0945,0.8623,0.7619,0.0682,0.7388,False
baroque,True,AI_SD_baroque,/data/peter/aiart/data/Real_AI_SD_LD_Dataset/train/AI_SD_baroque/1-991964950-114287.jpg,43.1,56.9,original-aesthetic,16,0.3455,0.4216,0.5923,0.1154,0.7539,0.5147,0.1399,0.4117,False
baroque,True,AI_SD_baroque,/data/peter/aiart/data/Real_AI_SD_LD_Dataset/train/AI_SD_baroque/1-982097027-364818.jpg,43.7,56.3,original-aesthetic,9,0.0324,0.5851,0.7124,0.0935,0.7672,0.604,0.0665,0.8989,False
baroque,False,baroque,/data/peter/aiart/data/Real_AI_SD_LD_Dataset/train/baroque/abraham-storck_dam-square-in-amsterdam-1675.jpg,66.4,33.6,ai-aesthetic,9,0.3358,0.4626,0.5608,0.1671,0.8186,0.7241,0.0341,0.5402,False
baroque,True,AI_SD_baroque,/data/peter/aiart/data/Real_AI_SD_LD_Dataset/train/AI_SD_baroque/1-990307047-136914.jpg,17.7,82.3,original-aesthetic,8,0.2477,0.5397,0.4856,0.1983,0.7858,0.6415,0.1,0.524,True
baroque,False,baroque,/data/peter/aiart/data/Real_AI_SD_LD_Dataset/train/baroque/abraham-storck_schepen-op-kalme-zee.jpg,79.4,20.6,ai-aesthetic,13,0.469,0.4908,0.7116,0.1637,0.9111,0.9264,0.0183,0.4461,False
baroque,True,AI_SD_baroque,/data/peter/aiart/data/Real_AI_SD_LD_Dataset/train/AI_SD_baroque/1-99837456-107201.jpg,21.8,78.2,original-aesthetic,10,0.2714,0.5322,0.5828,0.1585,0.754,0.5126,0.0825,0.5711,False
baroque,True,AI_SD_baroque,/data/peter/aiart/data/Real_AI_SD_LD_Dataset/train/AI_SD_baroque/1-969841311-152222.jpg,14.1,85.9,original-aesthetic,9,0.5051,0.5174,0.5809,0.1722,0.7447,0.5383,0.126,0.4114,True
baroque,True,AI_SD_baroque,/data/peter/aiart/data/Real_AI_SD_LD_Dataset/train/AI_SD_baroque/1-999909929-48612.jpg,18.2,81.8,original-aesthetic,4,0.625,0.5632,0.5528,0.1539,0.799,0.6764,0.0748,0.3577,False
baroque,False,baroque,/data/peter/aiart/data/Real_AI_SD_LD_Dataset/train/baroque/abraham-storck_die-reede-von-enkhuizen.jpg,63.2,36.8,ai-aesthetic,8,0.3097,0.4537,0.6443,0.1225,0.8378,0.8067,0.0428,0.5449,False
baroque,True,AI_SD_baroque,/data/peter/aiart/data/Real_AI_SD_LD_Dataset/train/AI_SD_baroque/1-967914302-764943.jpg,13.6,86.4,original-aesthetic,8,0.183,0.5284,0.657,0.1386,0.7731,0.6503,0.0646,0.6123,True
baroque,False,baroque,/data/peter/aiart/data/Real_AI_SD_LD_Dataset/train/baroque/abraham-storck_gezicht-op-het-ij-bij-amsterdam.jpg,76.4,23.6,ai-aesthetic,11,0.3906,0.5047,0.6397,0.1642,0.8759,0.8518,0.0396,0.5475,False
baroque,False,baroque,/data/peter/aiart/data/Real_AI_SD_LD_Dataset/train/baroque/adam-elsheimer_ceres-in-the-house-of-hecuba-1605.jpg,11.8,88.2,original-aesthetic,7,0.0385,0.346,0.7412,0.0756,0.9307,0.8886,0.0603,0.9255,False
baroque,False,baroque,/data/peter/aiart/data/Real_AI_SD_LD_Dataset/train/baroque/adam-elsheimer_the-frankfurt-altarpiece-of-the-holy-cross-1606.jpg,7.5,92.5,original-aesthetic,25,0.2299,0.5367,0.6368,0.1334,0.7529,0.5827,0.2129,0.3917,False
baroque,True,AI_SD_baroque,/data/peter/aiart/data/Real_AI_SD_LD_Dataset/train/AI_SD_baroque/1-998636199-820856.jpg,15.4,84.6,original-aesthetic,14,0.2542,0.5186,0.4993,0.2224,0.7703,0.5246,0.1398,0.4238,True
baroque,False,baroque,/data/peter/aiart/data/Real_AI_SD_LD_Dataset/train/baroque/adam-elsheimer_st-jerome-in-the-wilderness-1610.jpg,46.1,53.9,original-aesthetic,14,0.2112,0.3022,0.5193,0.1506,0.7092,0.6584,0.1059,0.6756,False
baroque,True,AI_SD_baroque,/data/peter/aiart/data/Real_AI_SD_LD_Dataset/train/AI_SD_baroque/1-97795762-153534.jpg,17.4,82.6,original-aesthetic,11,0.3135,0.5703,0.5942,0.1206,0.8068,0.6663,0.0869,0.4384,False
baroque,True,AI_SD_baroque,/data/peter/aiart/data/Real_AI_SD_LD_Dataset/train/AI_SD_baroque/1-988632902-544200.jpg,17.1,82.9,original-aesthetic,13,0.2487,0.5278,0.6365,0.1421,0.7718,0.5585,0.1046,0.3979,True
baroque,True,AI_SD_baroque,/data/peter/aiart/data/Real_AI_SD_LD_Dataset/train/AI_SD_baroque/1-982378080-436199.jpg,54.3,45.7,ai-aesthetic,11,0.1073,0.4356,0.6119,0.116,0.8129,0.6242,0.1094,0.7261,True
baroque,True,AI_SD_baroque,/data/peter/aiart/data/Real_AI_SD_LD_Dataset/train/AI_SD_baroque/1-999909929-52323.jpg,35.0,65.0,original-aesthetic,8,0.0751,0.5201,0.7273,0.1586,0.8099,0.648,0.0375,0.8584,False
baroque,True,AI_SD_baroque,/data/peter/aiart/data/Real_AI_SD_LD_Dataset/train/AI_SD_baroque/1-974835450-12099.jpg,25.1,74.9,original-aesthetic,3,0.6578,0.5355,0.6683,0.1312,0.741,0.6457,0.0663,0.2591,True
baroque,True,AI_SD_baroque,/data/peter/aiart/data/Real_AI_SD_LD_Dataset/train/AI_SD_baroque/1-990307047-271532.jpg,13.3,86.7,original-aesthetic,11,0.108,0.6021,0.6707,0.0647,0.7845,0.6386,0.0881,0.7481,False
baroque,False,baroque,/data/peter/aiart/data/Real_AI_SD_LD_Dataset/train/baroque/adam-elsheimer_saint-john-the-evangelist-1605.jpg,13.3,86.7,original-aesthetic,21,0.4255,0.5281,0.358,0.1408,0.7757,0.6598,0.1416,0.3826,False
baroque,True,AI_SD_baroque,/data/peter/aiart/data/Real_AI_SD_LD_Dataset/train/AI_SD_baroque/1-995265928-313030.jpg,8.7,91.3,original-aesthetic,18,0.172,0.4712,0.5705,0.1681,0.774,0.5655,0.0913,0.6107,True
baroque,True,AI_SD_baroque,/data/peter/aiart/data/Real_AI_SD_LD_Dataset/train/AI_SD_baroque/1-899047860-947564.jpg,25.4,74.6,original-aesthetic,16,0.1673,0.5892,0.6229,0.089,0.756,0.5451,0.0817,0.634,True
baroque,False,baroque,/data/peter/aiart/data/Real_AI_SD_LD_Dataset/train/baroque/adam-elsheimer_the-denial-of-peter-1605-0.jpg,0.4,99.6,original-aesthetic,23,0.5463,0.5101,0.5438,0.199,0.7171,0.4838,0.2082,0.0,False
baroque,False,baroque,/data/peter/aiart/data/Real_AI_SD_LD_Dataset/train/baroque/adam-elsheimer_il-contento.jpg,9.4,90.6,original-aesthetic,13,0.3589,0.505,0.693,0.1638,0.8829,0.7661,0.1498,0.3953,False
baroque,True,AI_SD_baroque,/data/peter/aiart/data/Real_AI_SD_LD_Dataset/train/AI_SD_baroque/1-97711882-17054.jpg,63.7,36.3,ai-aesthetic,13,0.0837,0.4779,0.6216,0.1514,0.7631,0.5817,0.0945,0.7132,False
baroque,False,baroque,/data/peter/aiart/data/Real_AI_SD_LD_Dataset/train/baroque/adam-elsheimer_a-man-with-a-dog.jpg,0.6,99.4,original-aesthetic,27,0.1934,0.4883,0.5655,0.1851,0.8775,0.7386,0.1212,0.4545,False
baroque,True,AI_SD_baroque,/data/peter/aiart/data/Real_AI_SD_LD_Dataset/train/AI_SD_baroque/1-991132743-950639.jpg,45.5,54.5,original-aesthetic,29,0.2499,0.4897,0.5594,0.1896,0.8073,0.5964,0.2009,0.5426,True
baroque,False,baroque,/data/peter/aiart/data/Real_AI_SD_LD_Dataset/train/baroque/abraham-storck_hamn.jpg,35.6,64.4,original-aesthetic,11,0.2449,0.5296,0.6338,0.141,0.8478,0.7529,0.0374,0.6202,False
baroque,False,baroque,/data/peter/aiart/data/Real_AI_SD_LD_Dataset/train/baroque/adam-elsheimer_judith-slays-holofernes-1603.jpg,20.9,79.1,original-aesthetic,6,0.7146,0.4978,0.4795,0.22,0.869,0.7481,0.1005,0.255,False
baroque,False,baroque,/data/peter/aiart/data/Real_AI_SD_LD_Dataset/train/baroque/adam-elsheimer_seated-female-figure.jpg,1.0,99.0,original-aesthetic,7,0.2119,0.4837,0.5719,0.1777,0.9162,0.8335,0.0728,0.6692,False
baroque,False,baroque,/data/peter/aiart/data/Real_AI_SD_LD_Dataset/train/baroque/adam-elsheimer_landscape-with-bathing-nymph-1605.jpg,59.9,40.1,ai-aesthetic,6,0.1053,0.3497,0.4179,0.0861,0.7595,0.7988,0.0175,0.8768,False
baroque,False,baroque,/data/peter/aiart/data/Real_AI_SD_LD_Dataset/train/baroque/abraham-storck_gezicht-op-de-laurenskerk-gezien-vanuit-noordoosten-1676.jpg,58.6,41.4,ai-aesthetic,17,0.1384,0.4117,0.4689,0.1566,0.8857,0.8046,0.0234,0.753,False
baroque,True,AI_SD_baroque,/data/peter/aiart/data/Real_AI_SD_LD_Dataset/train/AI_SD_baroque/1-993240681-411609.jpg,10.1,89.9,original-aesthetic,7,0.1962,0.3446,0.6412,0.0278,0.7344,0.6275,0.0846,0.5971,True
baroque,False,baroque,/data/peter/aiart/data/Real_AI_SD_LD_Dataset/train/baroque/adam-elsheimer_the-fire-of-troy-1601.jpg,39.6,60.4,original-aesthetic,8,0.1796,0.3549,0.7848,0.1201,0.8916,0.8477,0.0909,0.7606,False
baroque,True,AI_SD_baroque,/data/peter/aiart/data/Real_AI_SD_LD_Dataset/train/AI_SD_baroque/1-990307047-743321.jpg,11.8,88.2,original-aesthetic,6,0.3606,0.4036,0.4373,0.1255,0.7555,0.6302,0.0911,0.5854,True
baroque,False,baroque,/data/peter/aiart/data/Real_AI_SD_LD_Dataset/train/baroque/abraham-storck_a-dutch-harbour-scene-with-ships-and-bathers-0.jpg,56.0,44.0,ai-aesthetic,11,0.2319,0.4587,0.6879,0.1272,0.8132,0.777,0.0849,0.5412,False
baroque,True,AI_SD_baroque,/data/peter/aiart/data/Real_AI_SD_LD_Dataset/train/AI_SD_baroque/1-990669526-396701.jpg,37.4,62.6,original-aesthetic,10,0.1862,0.4588,0.6916,0.1279,0.7652,0.6063,0.0816,0.5849,True
baroque,True,AI_SD_baroque,/data/peter/aiart/data/Real_AI_SD_LD_Dataset/train/AI_SD_baroque/1-964335776-771005.jpg,18.3,81.7,original-aesthetic,11,0.5651,0.5526,0.628,0.1204,0.7447,0.5195,0.0819,0.3763,False
baroque,True,AI_SD_baroque,/data/peter/aiart/data/Real_AI_SD_LD_Dataset/train/AI_SD_baroque/1-986856565-330904.jpg,34.4,65.6,original-aesthetic,16,0.1507,0.536,0.4679,0.1876,0.8067,0.5829,0.0798,0.6764,True
baroque,True,AI_SD_baroque,/data/peter/aiart/data/Real_AI_SD_LD_Dataset/train/AI_SD_baroque/1-989275564-998897.jpg,19.7,80.3,original-aesthetic,16,0.1781,0.4613,0.6337,0.1321,0.7478,0.472,0.1404,0.3847,True
baroque,False,baroque,/data/peter/aiart/data/Real_AI_SD_LD_Dataset/train/baroque/adam-elsheimer_aeneas-saving-anchisis-from-burning-troy.jpg,4.3,95.7,original-aesthetic,5,0.6519,0.4532,0.5327,0.1798,0.8323,0.6477,0.1426,0.3036,False
baroque,False,baroque,/data/peter/aiart/data/Real_AI_SD_LD_Dataset/train/baroque/adam-elsheimer_mercury-and-battus-1610.jpg,21.0,79.0,original-aesthetic,13,0.0888,0.346,0.3405,0.0145,0.7931,0.6761,0.1022,0.7442,False
baroque,True,AI_SD_baroque,/data/peter/aiart/data/Real_AI_SD_LD_Dataset/train/AI_SD_baroque/1-983967609-523719.jpg,20.4,79.6,original-aesthetic,9,0.3308,0.4716,0.6555,0.1387,0.7502,0.5002,0.1666,0.3883,True
baroque,True,AI_SD_baroque,/data/peter/aiart/data/Real_AI_SD_LD_Dataset/train/AI_SD_baroque/1-995265928-844713.jpg,25.3,74.7,original-aesthetic,13,0.3725,0.3594,0.5329,0.1363,0.7871,0.6107,0.1388,0.5479,True
baroque,True,AI_SD_baroque,/data/peter/aiart/data/Real_AI_SD_LD_Dataset/train/AI_SD_baroque/1-991964950-996678.jpg,8.4,91.6,original-aesthetic,7,0.4873,0.4589,0.7103,0.133,0.7056,0.515,0.1083,0.3098,False
baroque,True,AI_SD_baroque,/data/peter/aiart/data/Real_AI_SD_LD_Dataset/train/AI_SD_baroque/1-996731966-837173.jpg,5.6,94.4,original-aesthetic,10,0.1903,0.4521,0.7106,0.1266,0.7361,0.5464,0.0876,0.589,True
baroque,True,AI_SD_baroque,/data/peter/aiart/data/Real_AI_SD_LD_Dataset/train/AI_SD_baroque/1-999909929-529777.jpg,8.3,91.7,original-aesthetic,11,0.1588,0.5523,0.4778,0.1842,0.7506,0.5369,0.1166,0.5445,True
baroque,True,AI_SD_baroque,/data/peter/aiart/data/Real_AI_SD_LD_Dataset/train/AI_SD_baroque/1-986083886-245350.jpg,10.8,89.2,original-aesthetic,9,0.2314,0.4674,0.606,0.1471,0.7884,0.5838,0.0656,0.5698,True
baroque,True,AI_SD_baroque,/data/peter/aiart/data/Real_AI_SD_LD_Dataset/train/AI_SD_baroque/1-971412731-925986.jpg,13.6,86.4,original-aesthetic,12,0.148,0.5694,0.6875,0.0995,0.8014,0.6409,0.0923,0.7517,False
baroque,True,AI_SD_baroque,/data/peter/aiart/data/Real_AI_SD_LD_Dataset/train/AI_SD_baroque/1-999715265-383738.jpg,16.3,83.7,original-aesthetic,7,0.3259,0.3436,0.5026,0.1644,0.7738,0.5854,0.0695,0.5421,True
baroque,True,AI_SD_baroque,/data/peter/aiart/data/Real_AI_SD_LD_Dataset/train/AI_SD_baroque/1-960756850-584795.jpg,28.7,71.3,original-aesthetic,17,0.2515,0.5432,0.4232,0.1527,0.8147,0.6193,0.0983,0.3191,True
baroque,True,AI_SD_baroque,/data/peter/aiart/data/Real_AI_SD_LD_Dataset/train/AI_SD_baroque/1-998423839-698316.jpg,16.3,83.7,original-aesthetic,7,0.2974,0.6556,0.5293,0.1378,0.7604,0.5709,0.1038,0.4557,True
baroque,False,baroque,/data/peter/aiart/data/Real_AI_SD_LD_Dataset/train/baroque/adam-elsheimer_saint-lawrence-prepared-for-martyrdom-1601.jpg,28.3,71.7,original-aesthetic,27,0.4526,0.4104,0.4483,0.1384,0.8594,0.7291,0.104,0.3191,False
baroque,False,baroque,/data/peter/aiart/data/Real_AI_SD_LD_Dataset/train/baroque/adam-elsheimer_the-flight-into-egypt-1605.jpg,12.0,88.0,original-aesthetic,16,0.1887,0.5445,0.5735,0.1536,0.8863,0.7873,0.0673,0.5044,False
baroque,True,AI_SD_baroque,/data/peter/aiart/data/Real_AI_SD_LD_Dataset/train/AI_SD_baroque/1-985585890-164290.jpg,44.7,55.3,original-aesthetic,20,0.3322,0.4784,0.5371,0.1945,0.7866,0.5543,0.1802,0.2781,False
baroque,False,baroque,/data/peter/aiart/data/Real_AI_SD_LD_Dataset/train/baroque/abraham-storck_het-eiland-onrust-bij-batavia-onrust-island-near-batavia-1699.jpg,57.5,42.5,ai-aesthetic,7,0.0348,0.4602,0.6931,0.1296,0.8977,0.8506,0.0467,0.8955,False
baroque,True,AI_SD_baroque,/data/peter/aiart/data/Real_AI_SD_LD_Dataset/train/AI_SD_baroque/1-991132743-489959.jpg,34.0,66.0,original-aesthetic,9,0.309,0.6226,0.6161,0.0671,0.7008,0.4907,0.1046,0.3827,False
baroque,True,AI_SD_baroque,/data/peter/aiart/data/Real_AI_SD_LD_Dataset/train/AI_SD_baroque/1-998423839-770107.jpg,16.1,83.9,original-aesthetic,13,0.1351,0.4561,0.4889,0.1982,0.8105,0.6293,0.0969,0.649,True
baroque,False,baroque,/data/peter/aiart/data/Real_AI_SD_LD_Dataset/train/baroque/adam-elsheimer_cartoon-for-the-frankfurt-butcher-philipp-mohr-and-his-wife-catherine-1596.jpg,2.2,97.8,original-aesthetic,40,0.3097,0.4899,0.5167,0.2168,0.7579,0.5174,0.2609,0.3374,False
baroque,True,AI_SD_baroque,/data/peter/aiart/data/Real_AI_SD_LD_Dataset/train/AI_SD_baroque/1-999851934-841498.jpg,9.8,90.2,original-aesthetic,10,0.3551,0.2905,0.599,0.0801,0.758,0.6069,0.0852,0.5328,False
baroque,False,baroque,/data/peter/aiart/data/Real_AI_SD_LD_Dataset/train/baroque/abraham-storck_a-river-landscape-with-fishermen-in-rowing-boats-windmills-beyond-1679.jpg,58.0,42.0,ai-aesthetic,6,0.2,0.5088,0.7381,0.1733,0.8703,0.8977,0.0278,0.6757,False
baroque,False,baroque,/data/peter/aiart/data/Real_AI_SD_LD_Dataset/train/baroque/abraham-storck_mouth-of-the-mediterranean-at-low-tide.jpg,31.4,68.6,original-aesthetic,18,0.1421,0.5355,0.794,0.1828,0.8128,0.6862,0.0993,0.7193,False
baroque,False,baroque,/data/peter/aiart/data/Real_AI_SD_LD_Dataset/train/baroque/abraham-storck_the-four-days-battle.jpg,41.0,59.0,original-aesthetic,9,0.2588,0.441,0.5869,0.134,0.7255,0.6291,0.1151,0.5603,False
baroque,True,AI_SD_baroque,/data/peter/aiart/data/Real_AI_SD_LD_Dataset/train/AI_SD_baroque/1-960514229-462256.jpg,7.2,92.8,original-aesthetic,9,0.3727,0.5508,0.5108,0.1942,0.7861,0.5452,0.0825,0.3755,True
baroque,False,baroque,/data/peter/aiart/data/Real_AI_SD_LD_Dataset/train/baroque/adam-elsheimer_landscape-with-the-temple-of-vesta-in-tivoli-1600.jpg,64.0,36.0,ai-aesthetic,11,0.0611,0.5292,0.4298,0.168,0.8556,0.7983,0.0448,0.8463,False
baroque,False,baroque,/data/peter/aiart/data/Real_AI_SD_LD_Dataset/train/baroque/abraham-storck_harbour-scene.jpg,44.8,55.2,original-aesthetic,19,0.6797,0.4962,0.3644,0.1658,0.7629,0.6471,0.0781,0.2444,True
baroque,False,baroque,/data/peter/aiart/data/Real_AI_SD_LD_Dataset/train/baroque/abraham-storck_havnescene-med-middelalderlig-bygning-1674.jpg,15.6,84.4,original-aesthetic,8,0.478,0.6087,0.6218,0.0733,0.8066,0.7095,0.0995,0.4267,False
baroque,True,AI_SD_baroque,/data/peter/aiart/data/Real_AI_SD_LD_Dataset/train/AI_SD_baroque/1-987149636-539497.jpg,44.7,55.3,original-aesthetic,20,0.1493,0.4357,0.579,0.1348,0.7636,0.5756,0.0914,0.6169,False
baroque,True,AI_SD_baroque,/data/peter/aiart/data/Real_AI_SD_LD_Dataset/train/AI_SD_baroque/1-988632902-159189.jpg,18.2,81.8,original-aesthetic,8,0.154,0.6311,0.6846,0.0398,0.7062,0.5482,0.0772,0.7421,False
baroque,False,baroque,/data/peter/aiart/data/Real_AI_SD_LD_Dataset/train/baroque/abraham-storck_schip-de-royal-charles-1672.jpg,9.3,90.7,original-aesthetic,12,0.4211,0.4483,0.5238,0.1834,0.9118,0.8623,0.1022,0.4658,False
baroque,True,AI_SD_baroque,/data/peter/aiart/data/Real_AI_SD_LD_Dataset/train/AI_SD_baroque/1-990669526-205058.jpg,24.9,75.1,original-aesthetic,14,0.0969,0.4189,0.7391,0.1121,0.7762,0.6352,0.0961,0.8387,False
baroque,False,baroque,/data/peter/aiart/data/Real_AI_SD_LD_Dataset/train/baroque/adam-elsheimer_a-set-of-small-religious-scenes-1605.jpg,10.9,89.1,original-aesthetic,22,0.1348,0.5376,0.5652,0.1642,0.785,0.571,0.1807,0.6311,False
baroque,True,AI_SD_baroque,/data/peter/aiart/data/Real_AI_SD_LD_Dataset/train/AI_SD_baroque/1-993240681-166727.jpg,39.9,60.1,original-aesthetic,9,0.3233,0.5563,0.506,0.1949,0.7948,0.6143,0.1046,0.5216,True
baroque,True,AI_SD_baroque,/data/peter/aiart/data/Real_AI_SD_LD_Dataset/train/AI_SD_baroque/1-985381655-393024.jpg,30.0,70.0,original-aesthetic,12,0.4166,0.5555,0.5844,0.1383,0.7909,0.6005,0.0984,0.2798,True
baroque,True,AI_SD_baroque,/data/peter/aiart/data/Real_AI_SD_LD_Dataset/train/AI_SD_baroque/1-987056859-442536.jpg,27.9,72.1,original-aesthetic,16,0.0969,0.5178,0.7124,0.1557,0.8274,0.6561,0.0812,0.7644,True
baroque,False,baroque,/data/peter/aiart/data/Real_AI_SD_LD_Dataset/train/baroque/abraham-storck_de-haringpakkerstoren-met-de-stadsherberg-op-de-achtergrond-de-haringpakkerstoren-met-op-de-1687.jpg,25.3,74.7,original-aesthetic,12,0.0879,0.5845,0.669,0.0822,0.8237,0.7569,0.0527,0.717,False
baroque,False,baroque,/data/peter/aiart/data/Real_AI_SD_LD_Dataset/train/baroque/adam-elsheimer_il-contento-1607.jpg,39.8,60.2,original-aesthetic,17,0.0723,0.5216,0.5581,0.1812,0.8019,0.6644,0.1276,0.6679,False
baroque,False,baroque,/data/peter/aiart/data/Real_AI_SD_LD_Dataset/train/baroque/adam-elsheimer_saint-jerome.jpg,52.0,48.0,ai-aesthetic,3,0.0656,0.7069,0.6361,0.0506,0.9387,0.9194,0.028,0.9158,False
baroque,True,AI_SD_baroque,/data/peter/aiart/data/Real_AI_SD_LD_Dataset/train/AI_SD_baroque/1-971412731-533139.jpg,33.6,66.4,original-aesthetic,5,0.4234,0.509,0.5923,0.1743,0.7018,0.4891,0.115,0.3561,True
baroque,False,baroque,/data/peter/aiart/data/Real_AI_SD_LD_Dataset/train/baroque/abraham-storck_embarkation-of-soldiers-near-the-montelbaanstoren-1690.jpg,25.8,74.2,original-aesthetic,12,0.2165,0.4751,0.6378,0.1446,0.7484,0.6471,0.0832,0.6444,False
baroque,False,baroque,/data/peter/aiart/data/Real_AI_SD_LD_Dataset/train/baroque/adam-elsheimer_jupiter-i-merkury-u-filemona-i-baucis-1609.jpg,3.8,96.2,original-aesthetic,7,0.218,0.5544,0.5183,0.186,0.8231,0.7002,0.1081,0.7481,False
